-- phpMyAdmin SQL Dump
-- version 5.1.0
-- https://www.phpmyadmin.net/
--
-- Host: 127.0.0.1
-- Generation Time: Sep 20, 2021 at 02:28 AM
-- Server version: 10.4.18-MariaDB
-- PHP Version: 7.3.27

SET SQL_MODE = "NO_AUTO_VALUE_ON_ZERO";
START TRANSACTION;
SET time_zone = "+00:00";


/*!40101 SET @OLD_CHARACTER_SET_CLIENT=@@CHARACTER_SET_CLIENT */;
/*!40101 SET @OLD_CHARACTER_SET_RESULTS=@@CHARACTER_SET_RESULTS */;
/*!40101 SET @OLD_COLLATION_CONNECTION=@@COLLATION_CONNECTION */;
/*!40101 SET NAMES utf8mb4 */;

--
-- Database: `kuyc8958_assetdigital_dev`
--

-- --------------------------------------------------------

--
-- Table structure for table `auto_save_properties`
--

CREATE TABLE `auto_save_properties` (
  `id` int(11) NOT NULL,
  `date` timestamp NOT NULL DEFAULT current_timestamp(),
  `user_id` bigint(20) UNSIGNED NOT NULL,
  `amount` double NOT NULL
) ENGINE=InnoDB DEFAULT CHARSET=utf8mb4;

-- --------------------------------------------------------

--
-- Table structure for table `ci_sessions`
--

CREATE TABLE `ci_sessions` (
  `id` varchar(128) NOT NULL,
  `ip_address` varchar(45) NOT NULL,
  `timestamp` int(10) UNSIGNED NOT NULL DEFAULT 0,
  `data` blob NOT NULL
) ENGINE=InnoDB DEFAULT CHARSET=utf8mb4;

--
-- Dumping data for table `ci_sessions`
--

INSERT INTO `ci_sessions` (`id`, `ip_address`, `timestamp`, `data`) VALUES
('7tfp98mefbrc7cm8j2jb9jjp3gs3t9fs', '::1', 1632055921, 0x5f5f63695f6c6173745f726567656e65726174657c693a313633323035353932313b),
('c8vvsc3onk3lgbsi5bmr77p25eubhh79', '::1', 1632056239, 0x5f5f63695f6c6173745f726567656e65726174657c693a313633323035363233393b61757468656e746963617465645f637573746f6d65727c623a313b646174617c4f3a383a22737464436c617373223a31323a7b733a323a226964223b733a313a2232223b733a343a226e616d65223b733a363a2277696e646178223b733a353a22656d61696c223b733a363a2277696e646178223b733a31373a22656d61696c5f76657269666965645f6174223b4e3b733a383a22757365726e616d65223b733a363a2277696e646178223b733a383a2270617373776f7264223b733a33323a223335366666653330366434663932316665393637333439333665386338336463223b733a31353a2270726f66696c655f70696374757265223b4e3b733a343a22726f6c65223b733a383a22637573746f6d6572223b733a31333a2272656769737465725f64617465223b733a31393a22323032312d30392d31392032303a34363a3039223b733a31303a227365637572655f70696e223b733a33323a226335383636653933636162313737363839306665333433633965373036336662223b733a31313a22757364745f77616c6c6574223b733a323a222020223b733a393a2269735f616374697665223b733a313a2231223b7d73706f6e736f725f636f64657c4f3a383a22737464436c617373223a353a7b733a323a226964223b733a313a2231223b733a343a22636f6465223b733a363a22415345543031223b733a353a226f776e6572223b733a313a2232223b733a31313a2267656e65726174655f6174223b733a31393a22323032312d30392d31392032303a35353a3132223b733a393a2269735f616374697665223b733a313a2231223b7d),
('j18lkq70n8tchalg56llr15mglpgeibg', '::1', 1632056512, 0x5f5f63695f6c6173745f726567656e65726174657c693a313633323035363531323b61757468656e746963617465645f61646d696e7c623a313b646174617c4f3a383a22737464436c617373223a31323a7b733a323a226964223b733a313a2231223b733a343a226e616d65223b733a353a2261646d696e223b733a353a22656d61696c223b733a353a2261646d696e223b733a31373a22656d61696c5f76657269666965645f6174223b4e3b733a383a22757365726e616d65223b733a353a2261646d696e223b733a383a2270617373776f7264223b733a33323a223231323332663239376135376135613734333839346130653461383031666333223b733a31353a2270726f66696c655f70696374757265223b4e3b733a343a22726f6c65223b733a353a2261646d696e223b733a31333a2272656769737465725f64617465223b733a31393a22323032312d30392d31392032303a34363a3039223b733a31303a227365637572655f70696e223b4e3b733a31313a22757364745f77616c6c6574223b733a313a2220223b733a393a2269735f616374697665223b733a313a2231223b7d),
('k94u8ggs33dlia3holh33fnbmi6nrern', '::1', 1632057253, 0x5f5f63695f6c6173745f726567656e65726174657c693a313633323035373235333b61757468656e746963617465645f637573746f6d65727c623a313b646174617c4f3a383a22737464436c617373223a31323a7b733a323a226964223b733a313a2233223b733a343a226e616d65223b733a353a225553455231223b733a353a22656d61696c223b733a31353a22757365723140676d61696c2e636f6d223b733a31373a22656d61696c5f76657269666965645f6174223b4e3b733a383a22757365726e616d65223b733a353a227573657231223b733a383a2270617373776f7264223b733a33323a223234633965313565353261666334376332323562373537653762656531663964223b733a31353a2270726f66696c655f70696374757265223b4e3b733a343a22726f6c65223b733a383a22637573746f6d6572223b733a31333a2272656769737465725f64617465223b733a31393a22323032312d30392d31392032313a30313a3331223b733a31303a227365637572655f70696e223b733a33323a226335383636653933636162313737363839306665333433633965373036336662223b733a31313a22757364745f77616c6c6574223b733a303a22223b733a393a2269735f616374697665223b733a313a2231223b7d73706f6e736f725f636f64657c4f3a383a22737464436c617373223a353a7b733a323a226964223b733a313a2232223b733a343a22636f6465223b733a393a2255534552524a363936223b733a353a226f776e6572223b733a313a2233223b733a31313a2267656e65726174655f6174223b733a31393a22323032312d30392d31392032313a30313a3331223b733a393a2269735f616374697665223b733a313a2231223b7d),
('2sm252ucte4f5hl2gtqgo626urfa16h4', '::1', 1632056930, 0x5f5f63695f6c6173745f726567656e65726174657c693a313633323035363933303b61757468656e746963617465645f61646d696e7c623a313b646174617c4f3a383a22737464436c617373223a31323a7b733a323a226964223b733a313a2231223b733a343a226e616d65223b733a353a2261646d696e223b733a353a22656d61696c223b733a353a2261646d696e223b733a31373a22656d61696c5f76657269666965645f6174223b4e3b733a383a22757365726e616d65223b733a353a2261646d696e223b733a383a2270617373776f7264223b733a33323a223231323332663239376135376135613734333839346130653461383031666333223b733a31353a2270726f66696c655f70696374757265223b4e3b733a343a22726f6c65223b733a353a2261646d696e223b733a31333a2272656769737465725f64617465223b733a31393a22323032312d30392d31392032303a34363a3039223b733a31303a227365637572655f70696e223b4e3b733a31313a22757364745f77616c6c6574223b733a313a2220223b733a393a2269735f616374697665223b733a313a2231223b7d),
('uq4jf0no7seoqjuoip6830q74o5i7qkg', '::1', 1632057238, 0x5f5f63695f6c6173745f726567656e65726174657c693a313633323035373233383b61757468656e746963617465645f61646d696e7c623a313b646174617c4f3a383a22737464436c617373223a31323a7b733a323a226964223b733a313a2231223b733a343a226e616d65223b733a353a2261646d696e223b733a353a22656d61696c223b733a353a2261646d696e223b733a31373a22656d61696c5f76657269666965645f6174223b4e3b733a383a22757365726e616d65223b733a353a2261646d696e223b733a383a2270617373776f7264223b733a33323a223231323332663239376135376135613734333839346130653461383031666333223b733a31353a2270726f66696c655f70696374757265223b4e3b733a343a22726f6c65223b733a353a2261646d696e223b733a31333a2272656769737465725f64617465223b733a31393a22323032312d30392d31392032303a34363a3039223b733a31303a227365637572655f70696e223b4e3b733a31313a22757364745f77616c6c6574223b733a313a2220223b733a393a2269735f616374697665223b733a313a2231223b7d),
('d9tjh2k7plcv7lemfsv06siqdkgs4cct', '::1', 1632057540, 0x5f5f63695f6c6173745f726567656e65726174657c693a313633323035373534303b61757468656e746963617465645f61646d696e7c623a313b646174617c4f3a383a22737464436c617373223a31323a7b733a323a226964223b733a313a2231223b733a343a226e616d65223b733a353a2261646d696e223b733a353a22656d61696c223b733a353a2261646d696e223b733a31373a22656d61696c5f76657269666965645f6174223b4e3b733a383a22757365726e616d65223b733a353a2261646d696e223b733a383a2270617373776f7264223b733a33323a223231323332663239376135376135613734333839346130653461383031666333223b733a31353a2270726f66696c655f70696374757265223b4e3b733a343a22726f6c65223b733a353a2261646d696e223b733a31333a2272656769737465725f64617465223b733a31393a22323032312d30392d31392032303a34363a3039223b733a31303a227365637572655f70696e223b4e3b733a31313a22757364745f77616c6c6574223b733a313a2220223b733a393a2269735f616374697665223b733a313a2231223b7d),
('j5nmo0hq6im05biit9562kfpso7kbse8', '::1', 1632057928, 0x5f5f63695f6c6173745f726567656e65726174657c693a313633323035373932383b61757468656e746963617465645f61646d696e7c623a313b646174617c4f3a383a22737464436c617373223a31323a7b733a323a226964223b733a313a2231223b733a343a226e616d65223b733a353a2261646d696e223b733a353a22656d61696c223b733a353a2261646d696e223b733a31373a22656d61696c5f76657269666965645f6174223b4e3b733a383a22757365726e616d65223b733a353a2261646d696e223b733a383a2270617373776f7264223b733a33323a223231323332663239376135376135613734333839346130653461383031666333223b733a31353a2270726f66696c655f70696374757265223b4e3b733a343a22726f6c65223b733a353a2261646d696e223b733a31333a2272656769737465725f64617465223b733a31393a22323032312d30392d31392032303a34363a3039223b733a31303a227365637572655f70696e223b4e3b733a31313a22757364745f77616c6c6574223b733a313a2220223b733a393a2269735f616374697665223b733a313a2231223b7d),
('b73oihp4he6q63vdti6ngh462079r19p', '::1', 1632059299, 0x5f5f63695f6c6173745f726567656e65726174657c693a313633323035393239393b61757468656e746963617465645f61646d696e7c623a313b646174617c4f3a383a22737464436c617373223a31323a7b733a323a226964223b733a313a2231223b733a343a226e616d65223b733a353a2261646d696e223b733a353a22656d61696c223b733a353a2261646d696e223b733a31373a22656d61696c5f76657269666965645f6174223b4e3b733a383a22757365726e616d65223b733a353a2261646d696e223b733a383a2270617373776f7264223b733a33323a223231323332663239376135376135613734333839346130653461383031666333223b733a31353a2270726f66696c655f70696374757265223b4e3b733a343a22726f6c65223b733a353a2261646d696e223b733a31333a2272656769737465725f64617465223b733a31393a22323032312d30392d31392032303a34363a3039223b733a31303a227365637572655f70696e223b4e3b733a31313a22757364745f77616c6c6574223b733a313a2220223b733a393a2269735f616374697665223b733a313a2231223b7d),
('m1jp4fmlmce2lrbgcbu56lmuj4cudk2n', '::1', 1632058378, 0x5f5f63695f6c6173745f726567656e65726174657c693a313633323035383337383b61757468656e746963617465645f637573746f6d65727c623a313b646174617c4f3a383a22737464436c617373223a31323a7b733a323a226964223b733a313a2233223b733a343a226e616d65223b733a353a225553455231223b733a353a22656d61696c223b733a31353a22757365723140676d61696c2e636f6d223b733a31373a22656d61696c5f76657269666965645f6174223b4e3b733a383a22757365726e616d65223b733a353a227573657231223b733a383a2270617373776f7264223b733a33323a223234633965313565353261666334376332323562373537653762656531663964223b733a31353a2270726f66696c655f70696374757265223b4e3b733a343a22726f6c65223b733a383a22637573746f6d6572223b733a31333a2272656769737465725f64617465223b733a31393a22323032312d30392d31392032313a30313a3331223b733a31303a227365637572655f70696e223b733a33323a226335383636653933636162313737363839306665333433633965373036336662223b733a31313a22757364745f77616c6c6574223b733a303a22223b733a393a2269735f616374697665223b733a313a2231223b7d73706f6e736f725f636f64657c4f3a383a22737464436c617373223a353a7b733a323a226964223b733a313a2232223b733a343a22636f6465223b733a393a2255534552524a363936223b733a353a226f776e6572223b733a313a2233223b733a31313a2267656e65726174655f6174223b733a31393a22323032312d30392d31392032313a30313a3331223b733a393a2269735f616374697665223b733a313a2231223b7d),
('6jd6f03hf55gokguqv78nvm1t36hv6bs', '::1', 1632059006, 0x5f5f63695f6c6173745f726567656e65726174657c693a313633323035393030363b61757468656e746963617465645f637573746f6d65727c623a313b646174617c4f3a383a22737464436c617373223a31323a7b733a323a226964223b733a313a2233223b733a343a226e616d65223b733a353a225553455231223b733a353a22656d61696c223b733a31353a22757365723140676d61696c2e636f6d223b733a31373a22656d61696c5f76657269666965645f6174223b4e3b733a383a22757365726e616d65223b733a353a227573657231223b733a383a2270617373776f7264223b733a33323a223234633965313565353261666334376332323562373537653762656531663964223b733a31353a2270726f66696c655f70696374757265223b4e3b733a343a22726f6c65223b733a383a22637573746f6d6572223b733a31333a2272656769737465725f64617465223b733a31393a22323032312d30392d31392032313a30313a3331223b733a31303a227365637572655f70696e223b733a33323a226335383636653933636162313737363839306665333433633965373036336662223b733a31313a22757364745f77616c6c6574223b733a303a22223b733a393a2269735f616374697665223b733a313a2231223b7d73706f6e736f725f636f64657c4f3a383a22737464436c617373223a353a7b733a323a226964223b733a313a2232223b733a343a22636f6465223b733a393a2255534552524a363936223b733a353a226f776e6572223b733a313a2233223b733a31313a2267656e65726174655f6174223b733a31393a22323032312d30392d31392032313a30313a3331223b733a393a2269735f616374697665223b733a313a2231223b7d),
('43oamooju37djm47mj9hs4usgi639dhn', '::1', 1632060959, 0x5f5f63695f6c6173745f726567656e65726174657c693a313633323036303935393b61757468656e746963617465645f61646d696e7c623a313b646174617c4f3a383a22737464436c617373223a31323a7b733a323a226964223b733a313a2231223b733a343a226e616d65223b733a353a2261646d696e223b733a353a22656d61696c223b733a353a2261646d696e223b733a31373a22656d61696c5f76657269666965645f6174223b4e3b733a383a22757365726e616d65223b733a353a2261646d696e223b733a383a2270617373776f7264223b733a33323a223231323332663239376135376135613734333839346130653461383031666333223b733a31353a2270726f66696c655f70696374757265223b4e3b733a343a22726f6c65223b733a353a2261646d696e223b733a31333a2272656769737465725f64617465223b733a31393a22323032312d30392d31392032303a34363a3039223b733a31303a227365637572655f70696e223b4e3b733a31313a22757364745f77616c6c6574223b733a313a2220223b733a393a2269735f616374697665223b733a313a2231223b7d),
('6c685oomtva1bpggeat0vqnr7v2dpq6r', '::1', 1632060230, 0x5f5f63695f6c6173745f726567656e65726174657c693a313633323036303233303b61757468656e746963617465645f637573746f6d65727c623a313b646174617c4f3a383a22737464436c617373223a31323a7b733a323a226964223b733a313a2233223b733a343a226e616d65223b733a353a225553455231223b733a353a22656d61696c223b733a31353a22757365723140676d61696c2e636f6d223b733a31373a22656d61696c5f76657269666965645f6174223b4e3b733a383a22757365726e616d65223b733a353a227573657231223b733a383a2270617373776f7264223b733a33323a223234633965313565353261666334376332323562373537653762656531663964223b733a31353a2270726f66696c655f70696374757265223b4e3b733a343a22726f6c65223b733a383a22637573746f6d6572223b733a31333a2272656769737465725f64617465223b733a31393a22323032312d30392d31392032313a30313a3331223b733a31303a227365637572655f70696e223b733a33323a226335383636653933636162313737363839306665333433633965373036336662223b733a31313a22757364745f77616c6c6574223b733a303a22223b733a393a2269735f616374697665223b733a313a2231223b7d73706f6e736f725f636f64657c4f3a383a22737464436c617373223a353a7b733a323a226964223b733a313a2232223b733a343a22636f6465223b733a393a2255534552524a363936223b733a353a226f776e6572223b733a313a2233223b733a31313a2267656e65726174655f6174223b733a31393a22323032312d30392d31392032313a30313a3331223b733a393a2269735f616374697665223b733a313a2231223b7d),
('69sr49tir8770e515ftf9881h4qb8kp7', '::1', 1632060546, 0x5f5f63695f6c6173745f726567656e65726174657c693a313633323036303534363b61757468656e746963617465645f637573746f6d65727c623a313b646174617c4f3a383a22737464436c617373223a31323a7b733a323a226964223b733a313a2233223b733a343a226e616d65223b733a353a225553455231223b733a353a22656d61696c223b733a31353a22757365723140676d61696c2e636f6d223b733a31373a22656d61696c5f76657269666965645f6174223b4e3b733a383a22757365726e616d65223b733a353a227573657231223b733a383a2270617373776f7264223b733a33323a223234633965313565353261666334376332323562373537653762656531663964223b733a31353a2270726f66696c655f70696374757265223b4e3b733a343a22726f6c65223b733a383a22637573746f6d6572223b733a31333a2272656769737465725f64617465223b733a31393a22323032312d30392d31392032313a30313a3331223b733a31303a227365637572655f70696e223b733a33323a226335383636653933636162313737363839306665333433633965373036336662223b733a31313a22757364745f77616c6c6574223b733a303a22223b733a393a2269735f616374697665223b733a313a2231223b7d73706f6e736f725f636f64657c4f3a383a22737464436c617373223a353a7b733a323a226964223b733a313a2232223b733a343a22636f6465223b733a393a2255534552524a363936223b733a353a226f776e6572223b733a313a2233223b733a31313a2267656e65726174655f6174223b733a31393a22323032312d30392d31392032313a30313a3331223b733a393a2269735f616374697665223b733a313a2231223b7d),
('kd8p1hijvclml7hrafdlrp1lno38nq75', '::1', 1632060855, 0x5f5f63695f6c6173745f726567656e65726174657c693a313633323036303835353b61757468656e746963617465645f637573746f6d65727c623a313b646174617c4f3a383a22737464436c617373223a31323a7b733a323a226964223b733a313a2233223b733a343a226e616d65223b733a353a225553455231223b733a353a22656d61696c223b733a31353a22757365723140676d61696c2e636f6d223b733a31373a22656d61696c5f76657269666965645f6174223b4e3b733a383a22757365726e616d65223b733a353a227573657231223b733a383a2270617373776f7264223b733a33323a223234633965313565353261666334376332323562373537653762656531663964223b733a31353a2270726f66696c655f70696374757265223b4e3b733a343a22726f6c65223b733a383a22637573746f6d6572223b733a31333a2272656769737465725f64617465223b733a31393a22323032312d30392d31392032313a30313a3331223b733a31303a227365637572655f70696e223b733a33323a226335383636653933636162313737363839306665333433633965373036336662223b733a31313a22757364745f77616c6c6574223b733a303a22223b733a393a2269735f616374697665223b733a313a2231223b7d73706f6e736f725f636f64657c4f3a383a22737464436c617373223a353a7b733a323a226964223b733a313a2232223b733a343a22636f6465223b733a393a2255534552524a363936223b733a353a226f776e6572223b733a313a2233223b733a31313a2267656e65726174655f6174223b733a31393a22323032312d30392d31392032313a30313a3331223b733a393a2269735f616374697665223b733a313a2231223b7d),
('fflrjonvi8q006jg1vgreh8trmf27raf', '::1', 1632061194, 0x5f5f63695f6c6173745f726567656e65726174657c693a313633323036313139343b61757468656e746963617465645f637573746f6d65727c623a313b646174617c4f3a383a22737464436c617373223a31323a7b733a323a226964223b733a313a2233223b733a343a226e616d65223b733a353a225553455231223b733a353a22656d61696c223b733a31353a22757365723140676d61696c2e636f6d223b733a31373a22656d61696c5f76657269666965645f6174223b4e3b733a383a22757365726e616d65223b733a353a227573657231223b733a383a2270617373776f7264223b733a33323a223234633965313565353261666334376332323562373537653762656531663964223b733a31353a2270726f66696c655f70696374757265223b4e3b733a343a22726f6c65223b733a383a22637573746f6d6572223b733a31333a2272656769737465725f64617465223b733a31393a22323032312d30392d31392032313a30313a3331223b733a31303a227365637572655f70696e223b733a33323a226335383636653933636162313737363839306665333433633965373036336662223b733a31313a22757364745f77616c6c6574223b733a303a22223b733a393a2269735f616374697665223b733a313a2231223b7d73706f6e736f725f636f64657c4f3a383a22737464436c617373223a353a7b733a323a226964223b733a313a2232223b733a343a22636f6465223b733a393a2255534552524a363936223b733a353a226f776e6572223b733a313a2233223b733a31313a2267656e65726174655f6174223b733a31393a22323032312d30392d31392032313a30313a3331223b733a393a2269735f616374697665223b733a313a2231223b7d),
('a5b2dd738gvo801hcni440qkt1vvfqpo', '::1', 1632061763, 0x5f5f63695f6c6173745f726567656e65726174657c693a313633323036313736333b61757468656e746963617465645f61646d696e7c623a313b646174617c4f3a383a22737464436c617373223a31323a7b733a323a226964223b733a313a2231223b733a343a226e616d65223b733a353a2261646d696e223b733a353a22656d61696c223b733a353a2261646d696e223b733a31373a22656d61696c5f76657269666965645f6174223b4e3b733a383a22757365726e616d65223b733a353a2261646d696e223b733a383a2270617373776f7264223b733a33323a223231323332663239376135376135613734333839346130653461383031666333223b733a31353a2270726f66696c655f70696374757265223b4e3b733a343a22726f6c65223b733a353a2261646d696e223b733a31333a2272656769737465725f64617465223b733a31393a22323032312d30392d31392032303a34363a3039223b733a31303a227365637572655f70696e223b4e3b733a31313a22757364745f77616c6c6574223b733a313a2220223b733a393a2269735f616374697665223b733a313a2231223b7d),
('656u20cv66aqq8nm3dk94hehvh733c1o', '::1', 1632061837, 0x5f5f63695f6c6173745f726567656e65726174657c693a313633323036313736333b61757468656e746963617465645f61646d696e7c623a313b646174617c4f3a383a22737464436c617373223a31323a7b733a323a226964223b733a313a2231223b733a343a226e616d65223b733a353a2261646d696e223b733a353a22656d61696c223b733a353a2261646d696e223b733a31373a22656d61696c5f76657269666965645f6174223b4e3b733a383a22757365726e616d65223b733a353a2261646d696e223b733a383a2270617373776f7264223b733a33323a223231323332663239376135376135613734333839346130653461383031666333223b733a31353a2270726f66696c655f70696374757265223b4e3b733a343a22726f6c65223b733a353a2261646d696e223b733a31333a2272656769737465725f64617465223b733a31393a22323032312d30392d31392032303a34363a3039223b733a31303a227365637572655f70696e223b4e3b733a31313a22757364745f77616c6c6574223b733a313a2220223b733a393a2269735f616374697665223b733a313a2231223b7d),
('ceibt7h5eq5bgr1mmhimeesqoenn2sno', '::1', 1632062452, 0x5f5f63695f6c6173745f726567656e65726174657c693a313633323036323435323b61757468656e746963617465645f637573746f6d65727c623a313b646174617c4f3a383a22737464436c617373223a31323a7b733a323a226964223b733a313a2235223b733a343a226e616d65223b733a353a225553455233223b733a353a22656d61696c223b733a353a227573657233223b733a31373a22656d61696c5f76657269666965645f6174223b4e3b733a383a22757365726e616d65223b733a353a227573657233223b733a383a2270617373776f7264223b733a33323a223932383737616637306134356664366132656437666538316531323336623738223b733a31353a2270726f66696c655f70696374757265223b4e3b733a343a22726f6c65223b733a383a22637573746f6d6572223b733a31333a2272656769737465725f64617465223b733a31393a22323032312d30392d31392032313a32313a3037223b733a31303a227365637572655f70696e223b733a33323a226335383636653933636162313737363839306665333433633965373036336662223b733a31313a22757364745f77616c6c6574223b733a303a22223b733a393a2269735f616374697665223b733a313a2231223b7d73706f6e736f725f636f64657c4f3a383a22737464436c617373223a353a7b733a323a226964223b733a313a2234223b733a343a22636f6465223b733a393a22555345525654323833223b733a353a226f776e6572223b733a313a2235223b733a31313a2267656e65726174655f6174223b733a31393a22323032312d30392d31392032313a32313a3037223b733a393a2269735f616374697665223b733a313a2231223b7d),
('7li75d51tns2htb752g6ld1dnsripusp', '::1', 1632062471, 0x5f5f63695f6c6173745f726567656e65726174657c693a313633323036323435323b61757468656e746963617465645f637573746f6d65727c623a313b646174617c4f3a383a22737464436c617373223a31323a7b733a323a226964223b733a313a2235223b733a343a226e616d65223b733a353a225553455233223b733a353a22656d61696c223b733a353a227573657233223b733a31373a22656d61696c5f76657269666965645f6174223b4e3b733a383a22757365726e616d65223b733a353a227573657233223b733a383a2270617373776f7264223b733a33323a223932383737616637306134356664366132656437666538316531323336623738223b733a31353a2270726f66696c655f70696374757265223b4e3b733a343a22726f6c65223b733a383a22637573746f6d6572223b733a31333a2272656769737465725f64617465223b733a31393a22323032312d30392d31392032313a32313a3037223b733a31303a227365637572655f70696e223b733a33323a226335383636653933636162313737363839306665333433633965373036336662223b733a31313a22757364745f77616c6c6574223b733a303a22223b733a393a2269735f616374697665223b733a313a2231223b7d73706f6e736f725f636f64657c4f3a383a22737464436c617373223a353a7b733a323a226964223b733a313a2234223b733a343a22636f6465223b733a393a22555345525654323833223b733a353a226f776e6572223b733a313a2235223b733a31313a2267656e65726174655f6174223b733a31393a22323032312d30392d31392032313a32313a3037223b733a393a2269735f616374697665223b733a313a2231223b7d),
('lt17lnj61kugu3rfbmu9s27dostp56g8', '::1', 1632095542, 0x5f5f63695f6c6173745f726567656e65726174657c693a313633323039353534323b),
('vut4v9fis50rfuti5kbse3bikds9ntlm', '::1', 1632095950, 0x5f5f63695f6c6173745f726567656e65726174657c693a313633323039353935303b),
('3jooqv9m12g6t9s1rhb4pk2b3i232dgq', '::1', 1632096348, 0x5f5f63695f6c6173745f726567656e65726174657c693a313633323039363334383b),
('75runntb91h09rsuku6e1c3puecgqc2h', '::1', 1632096393, 0x5f5f63695f6c6173745f726567656e65726174657c693a313633323039363334383b);

-- --------------------------------------------------------

--
-- Stand-in structure for view `customer_complate_date`
-- (See below for the actual view)
--
CREATE TABLE `customer_complate_date` (
`left_belance` double
,`right_belance` double
,`balance` double
,`id` bigint(20) unsigned
,`name` varchar(50)
,`email` varchar(191)
,`email_verified_at` timestamp
,`username` varchar(16)
,`password` varchar(191)
,`profile_picture` varchar(128)
,`role` varchar(32)
,`register_date` timestamp
,`secure_pin` varchar(255)
,`code` varchar(255)
,`lisensi_name` varchar(255)
,`is_active_licence` tinyint(1)
);

-- --------------------------------------------------------

--
-- Table structure for table `inout_bonuses`
--

CREATE TABLE `inout_bonuses` (
  `id` int(11) NOT NULL,
  `id_inout` varchar(255) NOT NULL,
  `type` int(11) NOT NULL COMMENT '1=in 2=out',
  `balance` double NOT NULL,
  `note` text NOT NULL,
  `date` timestamp NOT NULL DEFAULT current_timestamp(),
  `total_bonus_id` int(11) NOT NULL
) ENGINE=InnoDB DEFAULT CHARSET=latin1;

--
-- Dumping data for table `inout_bonuses`
--

INSERT INTO `inout_bonuses` (`id`, `id_inout`, `type`, `balance`, `note`, `date`, `total_bonus_id`) VALUES
(1, 'BI1632057219-2', 1, 24, 'sponsor bonus', '2021-09-19 13:13:39', 1),
(2, 'BI1632057532-3', 1, 72, 'sponsor bonus', '2021-09-19 13:18:52', 2),
(3, 'BI1632057777-3', 1, 8, 'sponsor bonus', '2021-09-19 13:22:57', 2),
(4, 'BI1632057932-3', 1, 24, 'sponsor bonus', '2021-09-19 13:25:32', 2),
(5, 'BI1632058021-2', 1, 0, 'pairing bonus', '2021-09-19 13:27:01', 1),
(6, 'BI1632058021-3', 1, 9.6, 'pairing bonus', '2021-09-19 13:27:01', 2),
(7, 'BI1632058021-4', 1, 0, 'pairing bonus', '2021-09-19 13:27:01', 3),
(8, 'BI1632059304-3', 1, 8, 'sponsor bonus', '2021-09-19 13:48:24', 2),
(9, 'BI1632059337-3', 1, 8, 'sponsor bonus', '2021-09-19 13:48:57', 2),
(10, 'BI1632059354-2', 1, 0, 'pairing bonus', '2021-09-19 13:49:14', 1),
(11, 'BI1632059354-3', 1, 6.4, 'pairing bonus', '2021-09-19 13:49:14', 2),
(12, 'BI1632059354-6', 1, 3.2, 'pairing bonus', '2021-09-19 13:49:14', 4),
(13, 'BI1632061796-3', 1, 72, 'sponsor bonus', '2021-09-19 14:29:56', 2),
(14, 'BI1632061801-3', 1, 72, 'sponsor bonus', '2021-09-19 14:30:01', 2),
(15, 'BI1632061807-3', 1, 72, 'sponsor bonus', '2021-09-19 14:30:07', 2),
(16, 'BI1632061812-3', 1, 72, 'sponsor bonus', '2021-09-19 14:30:12', 2),
(17, 'BI1632061818-3', 1, 72, 'sponsor bonus', '2021-09-19 14:30:18', 2),
(18, 'BI1632061824-3', 1, 72, 'sponsor bonus', '2021-09-19 14:30:24', 2),
(19, 'BI1632061829-3', 1, 72, 'sponsor bonus', '2021-09-19 14:30:29', 2),
(20, 'BI1632061985-2', 1, 0, 'pairing bonus', '2021-09-19 14:33:05', 1),
(21, 'BI1632061985-3', 1, 0, 'pairing bonus', '2021-09-19 14:33:05', 2),
(22, 'BI1632061985-4', 1, 0, 'pairing bonus', '2021-09-19 14:33:05', 3),
(23, 'BI1632061985-14', 1, 0, 'pairing bonus', '2021-09-19 14:33:05', 5),
(24, 'BI1632061985-10', 1, 28.8, 'pairing bonus', '2021-09-19 14:33:05', 6),
(25, 'BI1632061985-5', 1, 86.4, 'pairing bonus', '2021-09-19 14:33:05', 7),
(26, 'BI1632061985-9', 1, 28.8, 'pairing bonus', '2021-09-19 14:33:05', 8);

-- --------------------------------------------------------

--
-- Stand-in structure for view `inout_bonuses_complate_data`
-- (See below for the actual view)
--
CREATE TABLE `inout_bonuses_complate_data` (
`id` int(11)
,`id_inout` varchar(255)
,`type` int(11)
,`balance` double
,`note` text
,`date` timestamp
,`total_bonus_id` int(11)
,`owner_id` bigint(20) unsigned
);

-- --------------------------------------------------------

--
-- Table structure for table `lisensies`
--

CREATE TABLE `lisensies` (
  `id` int(11) NOT NULL,
  `name` varchar(255) NOT NULL,
  `price` double NOT NULL,
  `percentage` int(11) NOT NULL,
  `is_active` tinyint(1) NOT NULL DEFAULT 1,
  `max_bonus` double NOT NULL
) ENGINE=InnoDB DEFAULT CHARSET=utf8mb4;

--
-- Dumping data for table `lisensies`
--

INSERT INTO `lisensies` (`id`, `name`, `price`, `percentage`, `is_active`, `max_bonus`) VALUES
(1, 'GOLD', 40, 20, 1, 80),
(2, 'ONYX', 120, 20, 1, 240),
(3, 'DIAMOND', 360, 20, 1, 400);

-- --------------------------------------------------------

--
-- Table structure for table `lisensi_upgrades`
--

CREATE TABLE `lisensi_upgrades` (
  `id` int(11) NOT NULL,
  `order_number` varchar(255) NOT NULL,
  `date` timestamp NOT NULL DEFAULT current_timestamp(),
  `request_by` bigint(20) UNSIGNED NOT NULL,
  `current_lisensi` int(11) NOT NULL,
  `upgrade_to` int(11) NOT NULL,
  `diff_payment` double NOT NULL,
  `is_finish` int(1) NOT NULL DEFAULT 0 COMMENT '0=pending 1=finish 2=reject',
  `payment_method` int(11) NOT NULL COMMENT '1=transfer 2=bonus_balance',
  `receipt_of_payment` varchar(255) DEFAULT NULL
) ENGINE=InnoDB DEFAULT CHARSET=latin1;

-- --------------------------------------------------------

--
-- Stand-in structure for view `lisensi_upgrades_complate_data`
-- (See below for the actual view)
--
CREATE TABLE `lisensi_upgrades_complate_data` (
`id` int(11)
,`order_number` varchar(255)
,`date` timestamp
,`request_by` bigint(20) unsigned
,`current_lisensi` int(11)
,`upgrade_to` int(11)
,`diff_payment` double
,`is_finish` int(1)
,`payment_method` int(11)
,`receipt_of_payment` varchar(255)
,`current_licence_name` varchar(255)
,`upgrade_to_name` varchar(255)
,`user_name` varchar(50)
);

-- --------------------------------------------------------

--
-- Table structure for table `orders`
--

CREATE TABLE `orders` (
  `id` int(11) NOT NULL,
  `order_number` varchar(255) NOT NULL,
  `date` timestamp NOT NULL DEFAULT current_timestamp(),
  `requested_by` bigint(20) UNSIGNED NOT NULL,
  `hosted_by` int(11) DEFAULT NULL,
  `is_open` tinyint(1) NOT NULL DEFAULT 0,
  `is_pending` tinyint(1) NOT NULL DEFAULT 1,
  `is_finish` tinyint(1) NOT NULL DEFAULT 0,
  `is_reject` tinyint(1) NOT NULL DEFAULT 0,
  `amount` int(11) NOT NULL,
  `total_payment` double NOT NULL,
  `currency` varchar(100) NOT NULL,
  `receipt_of_payment` varchar(255) DEFAULT NULL
) ENGINE=InnoDB DEFAULT CHARSET=utf8mb4;

--
-- Dumping data for table `orders`
--

INSERT INTO `orders` (`id`, `order_number`, `date`, `requested_by`, `hosted_by`, `is_open`, `is_pending`, `is_finish`, `is_reject`, `amount`, `total_payment`, `currency`, `receipt_of_payment`) VALUES
(1, 'L1632056210KFIXY', '2021-09-19 12:56:50', 2, NULL, 0, 0, 1, 0, 1, 120, 'USDT', 'L1632056210KFIXY_1632056210Screenshotpng.jpg'),
(2, 'PR1632056229475N', '2021-09-19 12:57:09', 2, NULL, 0, 0, 1, 0, 20, 100, 'USDT', 'PR1632056229475N_1632056230Screenshotpng.jpg'),
(3, 'L163205657231FUQ', '2021-09-19 13:02:52', 3, NULL, 0, 0, 1, 0, 1, 120, 'USDT', 'L163205657231FUQ_1632056573Screenshotpng.jpg'),
(4, 'PR1632056593QUVZ', '2021-09-19 13:03:13', 3, NULL, 0, 0, 1, 0, 20, 100, 'USDT', 'PR1632056593QUVZ_1632056593Screenshotpng.jpg'),
(5, 'L1632057380M1F9V', '2021-09-19 13:16:20', 4, NULL, 0, 0, 1, 0, 1, 360, 'USDT', 'L1632057380M1F9V_1632057380Screenshotpng.jpg'),
(6, 'PR1632057523BSDR', '2021-09-19 13:18:43', 4, NULL, 0, 0, 1, 0, 5, 25, 'USDT', 'PR1632057523BSDR_1632057523Screenshotpng.jpg'),
(7, 'L1632057700DPQVI', '2021-09-19 13:21:40', 5, NULL, 0, 0, 1, 0, 1, 40, 'USDT', 'L1632057700DPQVI_1632057700Screenshotpng.jpg'),
(8, 'L1632057921PR5SA', '2021-09-19 13:25:21', 6, NULL, 0, 0, 1, 0, 1, 120, 'USDT', 'L1632057921PR5SA_1632057921Screenshotpng.jpg'),
(9, 'L16320592952REGB', '2021-09-19 13:48:15', 7, NULL, 0, 0, 1, 0, 1, 40, 'USDT', 'L16320592952REGB_1632059295Screenshotpng.jpg'),
(10, 'L1632059330AZKJX', '2021-09-19 13:48:50', 8, NULL, 0, 0, 1, 0, 1, 40, 'USDT', 'L1632059330AZKJX_1632059330Screenshotpng.jpg'),
(11, 'PR1632060936VROG', '2021-09-19 14:15:36', 3, NULL, 0, 0, 1, 0, 20, 100, 'USDT', 'PR1632060936VROG_1632060936Screenshotpng.jpg'),
(12, 'L1632061288RM7ZP', '2021-09-19 14:21:28', 10, NULL, 0, 0, 1, 0, 1, 360, 'USDT', 'L1632061288RM7ZP_1632061288Screenshotpng.jpg'),
(13, 'L1632061392V4K3R', '2021-09-19 14:23:12', 9, NULL, 0, 0, 1, 0, 1, 360, 'USDT', 'L1632061392V4K3R_1632061392Screenshotpng.jpg'),
(14, 'L1632061508QQGK8', '2021-09-19 14:25:08', 13, NULL, 0, 0, 1, 0, 1, 360, 'USDT', 'L1632061508QQGK8_1632061508Screenshotpng.jpg'),
(15, 'L1632061624CRVEH', '2021-09-19 14:27:04', 11, NULL, 0, 0, 1, 0, 1, 360, 'USDT', 'L1632061624CRVEH_1632061625Screenshotpng.jpg'),
(16, 'L1632061676WODWK', '2021-09-19 14:27:56', 12, NULL, 0, 0, 1, 0, 1, 360, 'USDT', 'L1632061676WODWK_1632061677Screenshotpng.jpg'),
(17, 'L1632061726OPX9P', '2021-09-19 14:28:46', 14, NULL, 0, 0, 1, 0, 1, 360, 'USDT', 'L1632061726OPX9P_1632061726Screenshotpng.jpg'),
(18, 'L1632061756QL97T', '2021-09-19 14:29:16', 15, NULL, 0, 0, 1, 0, 1, 360, 'USDT', 'L1632061756QL97T_1632061756Screenshotpng.jpg');

-- --------------------------------------------------------

--
-- Table structure for table `pin_register`
--

CREATE TABLE `pin_register` (
  `id` int(11) NOT NULL,
  `pin` int(11) NOT NULL,
  `registered_by` bigint(20) UNSIGNED NOT NULL,
  `used_by` bigint(20) UNSIGNED DEFAULT NULL,
  `is_active` tinyint(1) NOT NULL DEFAULT 1,
  `registered_date` timestamp NOT NULL DEFAULT current_timestamp(),
  `order_id` int(11) NOT NULL
) ENGINE=InnoDB DEFAULT CHARSET=utf8mb4;

--
-- Dumping data for table `pin_register`
--

INSERT INTO `pin_register` (`id`, `pin`, `registered_by`, `used_by`, `is_active`, `registered_date`, `order_id`) VALUES
(1, 25071900, 2, 3, 0, '2021-09-19 13:00:19', 2),
(2, 59037966, 2, NULL, 1, '2021-09-19 13:00:19', 2),
(3, 95381771, 2, NULL, 1, '2021-09-19 13:00:19', 2),
(4, 56845720, 2, NULL, 1, '2021-09-19 13:00:19', 2),
(5, 86231982, 2, NULL, 1, '2021-09-19 13:00:19', 2),
(6, 55437507, 2, NULL, 1, '2021-09-19 13:00:19', 2),
(7, 47831450, 2, NULL, 1, '2021-09-19 13:00:19', 2),
(8, 68277219, 2, NULL, 1, '2021-09-19 13:00:19', 2),
(9, 34828461, 2, NULL, 1, '2021-09-19 13:00:19', 2),
(10, 76458701, 2, NULL, 1, '2021-09-19 13:00:19', 2),
(11, 57629010, 2, NULL, 1, '2021-09-19 13:00:19', 2),
(12, 39565410, 2, NULL, 1, '2021-09-19 13:00:19', 2),
(13, 62803242, 2, NULL, 1, '2021-09-19 13:00:19', 2),
(14, 85535354, 2, NULL, 1, '2021-09-19 13:00:19', 2),
(15, 53166762, 2, NULL, 1, '2021-09-19 13:00:19', 2),
(16, 40360942, 2, NULL, 1, '2021-09-19 13:00:19', 2),
(17, 13445676, 2, NULL, 1, '2021-09-19 13:00:19', 2),
(18, 50185167, 2, NULL, 1, '2021-09-19 13:00:19', 2),
(19, 64597005, 2, NULL, 1, '2021-09-19 13:00:19', 2),
(20, 78160311, 2, NULL, 1, '2021-09-19 13:00:19', 2),
(21, 94090398, 3, 4, 0, '2021-09-19 13:03:28', 4),
(22, 80708393, 3, NULL, 1, '2021-09-19 13:03:28', 4),
(23, 53264199, 3, NULL, 1, '2021-09-19 13:03:28', 4),
(24, 19687784, 3, NULL, 1, '2021-09-19 13:03:28', 4),
(25, 14251751, 3, NULL, 1, '2021-09-19 13:03:28', 4),
(26, 46556190, 3, NULL, 1, '2021-09-19 13:03:28', 4),
(27, 80225917, 3, NULL, 1, '2021-09-19 13:03:28', 4),
(28, 95240313, 3, NULL, 1, '2021-09-19 13:03:28', 4),
(29, 44101896, 3, NULL, 1, '2021-09-19 13:03:28', 4),
(30, 58184682, 3, NULL, 1, '2021-09-19 13:03:28', 4),
(31, 85750494, 3, 13, 0, '2021-09-19 13:03:28', 4),
(32, 54561608, 3, 5, 0, '2021-09-19 13:03:28', 4),
(33, 59210449, 3, 6, 0, '2021-09-19 13:03:28', 4),
(34, 18911571, 3, 7, 0, '2021-09-19 13:03:28', 4),
(35, 46991965, 3, 8, 0, '2021-09-19 13:03:28', 4),
(36, 30391156, 3, 9, 0, '2021-09-19 13:03:28', 4),
(37, 57983211, 3, 10, 0, '2021-09-19 13:03:28', 4),
(38, 14391303, 3, 11, 0, '2021-09-19 13:03:28', 4),
(39, 78614133, 3, 12, 0, '2021-09-19 13:03:28', 4),
(40, 36966296, 3, NULL, 1, '2021-09-19 13:03:28', 4),
(41, 81094552, 4, NULL, 1, '2021-09-19 13:19:00', 6),
(42, 26110867, 4, NULL, 1, '2021-09-19 13:19:00', 6),
(43, 23465192, 4, NULL, 1, '2021-09-19 13:19:00', 6),
(44, 62321998, 4, NULL, 1, '2021-09-19 13:19:00', 6),
(45, 23153172, 4, NULL, 1, '2021-09-19 13:19:00', 6),
(46, 64838609, 3, NULL, 1, '2021-09-19 14:16:19', 11),
(47, 62129381, 3, NULL, 1, '2021-09-19 14:16:19', 11),
(48, 53077333, 3, NULL, 1, '2021-09-19 14:16:19', 11),
(49, 58883530, 3, NULL, 1, '2021-09-19 14:16:19', 11),
(50, 24692509, 3, NULL, 1, '2021-09-19 14:16:19', 11),
(51, 33299765, 3, NULL, 1, '2021-09-19 14:16:19', 11),
(52, 28553162, 3, NULL, 1, '2021-09-19 14:16:19', 11),
(53, 16635680, 3, NULL, 1, '2021-09-19 14:16:19', 11),
(54, 94893849, 3, 15, 0, '2021-09-19 14:16:20', 11),
(55, 83749845, 3, NULL, 1, '2021-09-19 14:16:20', 11),
(56, 54820835, 3, NULL, 1, '2021-09-19 14:16:20', 11),
(57, 22571853, 3, NULL, 1, '2021-09-19 14:16:20', 11),
(58, 50835100, 3, NULL, 1, '2021-09-19 14:16:20', 11),
(59, 94304549, 3, NULL, 1, '2021-09-19 14:16:20', 11),
(60, 31567344, 3, NULL, 1, '2021-09-19 14:16:20', 11),
(61, 49079162, 3, NULL, 1, '2021-09-19 14:16:20', 11),
(62, 96876268, 3, NULL, 1, '2021-09-19 14:16:20', 11),
(63, 33977724, 3, NULL, 1, '2021-09-19 14:16:20', 11),
(64, 76289633, 3, NULL, 1, '2021-09-19 14:16:20', 11),
(65, 48764346, 3, 14, 0, '2021-09-19 14:16:20', 11);

-- --------------------------------------------------------

--
-- Stand-in structure for view `pin_register_complate_data`
-- (See below for the actual view)
--
CREATE TABLE `pin_register_complate_data` (
`id` int(11)
,`pin` int(11)
,`registered_by` bigint(20) unsigned
,`used_by` bigint(20) unsigned
,`is_active` tinyint(1)
,`registered_date` timestamp
,`order_id` int(11)
,`user_id` bigint(20) unsigned
,`user_name` varchar(50)
);

-- --------------------------------------------------------

--
-- Table structure for table `positions`
--

CREATE TABLE `positions` (
  `id` int(11) NOT NULL,
  `position` int(11) NOT NULL COMMENT '1=left2=right',
  `top` bigint(20) UNSIGNED NOT NULL,
  `bottom` bigint(20) UNSIGNED NOT NULL,
  `is_active` tinyint(1) NOT NULL DEFAULT 1,
  `date` timestamp NOT NULL DEFAULT current_timestamp()
) ENGINE=InnoDB DEFAULT CHARSET=utf8mb4;

--
-- Dumping data for table `positions`
--

INSERT INTO `positions` (`id`, `position`, `top`, `bottom`, `is_active`, `date`) VALUES
(1, 1, 2, 3, 1, '2021-09-19 13:01:31'),
(2, 1, 3, 4, 1, '2021-09-19 13:15:33'),
(3, 1, 4, 5, 1, '2021-09-19 13:21:07'),
(4, 2, 3, 6, 1, '2021-09-19 13:24:39'),
(5, 1, 6, 7, 1, '2021-09-19 13:45:27'),
(6, 2, 6, 8, 1, '2021-09-19 13:47:43'),
(7, 1, 5, 9, 1, '2021-09-19 14:05:01'),
(8, 2, 5, 10, 1, '2021-09-19 14:06:32'),
(9, 1, 9, 11, 1, '2021-09-19 14:07:55'),
(10, 1, 10, 12, 1, '2021-09-19 14:11:25'),
(11, 2, 9, 13, 1, '2021-09-19 14:13:22'),
(12, 2, 10, 14, 1, '2021-09-19 14:17:40'),
(13, 1, 14, 15, 1, '2021-09-19 14:19:50');

-- --------------------------------------------------------

--
-- Table structure for table `settings`
--

CREATE TABLE `settings` (
  `id` int(10) NOT NULL,
  `key` varchar(32) NOT NULL,
  `content` text NOT NULL
) ENGINE=InnoDB DEFAULT CHARSET=utf8mb4;

--
-- Dumping data for table `settings`
--

INSERT INTO `settings` (`id`, `key`, `content`) VALUES
(1, 'current_theme_name', 'vegefoods'),
(2, 'sistem_name', 'WINDAX'),
(3, 'phone_number', '087786435777'),
(4, 'email', 'windax2021@gmail.com'),
(5, 'tagline', 'Belanja Sayur Segar 24 Jam'),
(6, 'logo', 'LOGO_1630903416IMGjpg.jpg'),
(9, 'address', 'Denpasar, Indonesia'),
(13, 'pin_register_price', '{\"price\":5,\"currency\":\"USDT\"}'),
(14, 'lisensi_currency', 'USDT'),
(15, 'payment_tutorial', 'Segera tentukan pilihan order :\n1. PIN REGISTER\n2. LISENSI\nKirimkan USDT ke  Alamat USDT Wallet\n PT. Windax Digital Indonesia :\n\nTKsLaPH2E1sysWwVyYp922114S4xQweDsg\n\n kumudian di screenshoot bukti transfer USDT ke WhatsApp admin :\n08113993499\n\nKlik submit dan tunggu verifikasi admin. '),
(16, 'turnover_percentage', '8'),
(17, 'auto_save_properties', '10'),
(18, 'percentage_sponsor_bonus', '20');

-- --------------------------------------------------------

--
-- Table structure for table `sponsor_codes`
--

CREATE TABLE `sponsor_codes` (
  `id` int(11) NOT NULL,
  `code` varchar(255) NOT NULL,
  `owner` bigint(20) UNSIGNED NOT NULL,
  `generate_at` timestamp NOT NULL DEFAULT current_timestamp(),
  `is_active` tinyint(1) NOT NULL DEFAULT 1
) ENGINE=InnoDB DEFAULT CHARSET=utf8mb4;

--
-- Dumping data for table `sponsor_codes`
--

INSERT INTO `sponsor_codes` (`id`, `code`, `owner`, `generate_at`, `is_active`) VALUES
(1, 'ASET01', 2, '2021-09-19 12:55:12', 1),
(2, 'USERRJ696', 3, '2021-09-19 13:01:31', 1),
(3, 'USERJYI85', 4, '2021-09-19 13:15:33', 1),
(4, 'USERVT283', 5, '2021-09-19 13:21:07', 1),
(5, 'USERXV722', 6, '2021-09-19 13:24:39', 1),
(6, 'USERGYU846', 7, '2021-09-19 13:45:27', 1),
(7, 'USERNED56', 8, '2021-09-19 13:47:43', 1),
(8, 'USERNTC950', 9, '2021-09-19 14:05:01', 1),
(9, 'USERTSK763', 10, '2021-09-19 14:06:32', 1),
(10, 'USERVSE804', 11, '2021-09-19 14:07:55', 1),
(11, 'USERFQI969', 12, '2021-09-19 14:11:24', 1),
(12, 'USERFRT940', 13, '2021-09-19 14:13:22', 1),
(13, 'USERZS46', 14, '2021-09-19 14:17:40', 1),
(14, 'USEROJ388', 15, '2021-09-19 14:19:50', 1);

-- --------------------------------------------------------

--
-- Table structure for table `sponsor_code_bonuses`
--

CREATE TABLE `sponsor_code_bonuses` (
  `id` int(11) NOT NULL,
  `owner_id` bigint(20) UNSIGNED NOT NULL,
  `balance` double NOT NULL,
  `updated_at` timestamp NOT NULL DEFAULT current_timestamp() ON UPDATE current_timestamp()
) ENGINE=InnoDB DEFAULT CHARSET=latin1;

--
-- Dumping data for table `sponsor_code_bonuses`
--

INSERT INTO `sponsor_code_bonuses` (`id`, `owner_id`, `balance`, `updated_at`) VALUES
(1, 2, 24, '2021-09-19 13:13:39'),
(2, 3, 624, '2021-09-19 14:30:29');

-- --------------------------------------------------------

--
-- Table structure for table `sponsor_code_bonus_details`
--

CREATE TABLE `sponsor_code_bonus_details` (
  `id` int(11) NOT NULL,
  `sponsor_code_bonus_id` int(11) NOT NULL,
  `register_bonus_by` bigint(20) UNSIGNED NOT NULL,
  `lisensies_id` int(11) NOT NULL,
  `currency_at_the_time` varchar(100) NOT NULL,
  `belance` double NOT NULL,
  `percentage_at_the_time` int(11) NOT NULL,
  `date` timestamp NOT NULL DEFAULT current_timestamp() ON UPDATE current_timestamp()
) ENGINE=InnoDB DEFAULT CHARSET=latin1;

--
-- Dumping data for table `sponsor_code_bonus_details`
--

INSERT INTO `sponsor_code_bonus_details` (`id`, `sponsor_code_bonus_id`, `register_bonus_by`, `lisensies_id`, `currency_at_the_time`, `belance`, `percentage_at_the_time`, `date`) VALUES
(1, 1, 3, 2, 'USDT', 120, 20, '2021-09-19 13:13:39'),
(2, 2, 4, 3, 'USDT', 360, 20, '2021-09-19 13:18:52'),
(3, 2, 5, 1, 'USDT', 40, 20, '2021-09-19 13:22:57'),
(4, 2, 6, 2, 'USDT', 120, 20, '2021-09-19 13:25:32'),
(5, 2, 7, 1, 'USDT', 40, 20, '2021-09-19 13:48:24'),
(6, 2, 8, 1, 'USDT', 40, 20, '2021-09-19 13:48:57'),
(7, 2, 15, 3, 'USDT', 360, 20, '2021-09-19 14:29:56'),
(8, 2, 14, 3, 'USDT', 360, 20, '2021-09-19 14:30:01'),
(9, 2, 12, 3, 'USDT', 360, 20, '2021-09-19 14:30:07'),
(10, 2, 11, 3, 'USDT', 360, 20, '2021-09-19 14:30:12'),
(11, 2, 13, 3, 'USDT', 360, 20, '2021-09-19 14:30:18'),
(12, 2, 9, 3, 'USDT', 360, 20, '2021-09-19 14:30:24'),
(13, 2, 10, 3, 'USDT', 360, 20, '2021-09-19 14:30:29');

-- --------------------------------------------------------

--
-- Stand-in structure for view `sponsor_code_bonus_details_complate_data`
-- (See below for the actual view)
--
CREATE TABLE `sponsor_code_bonus_details_complate_data` (
`id` int(11)
,`owner_id` bigint(20) unsigned
,`balance` double
,`updated_at` timestamp
,`date` timestamp
,`user_name` varchar(50)
,`licence_name` varchar(255)
,`balance_detail` double
,`percentage_at_the_time` int(11)
);

-- --------------------------------------------------------

--
-- Table structure for table `sponsor_code_uses`
--

CREATE TABLE `sponsor_code_uses` (
  `id` int(11) NOT NULL,
  `sponsor_id` int(11) NOT NULL,
  `used_by` bigint(20) UNSIGNED NOT NULL,
  `used_at` timestamp NOT NULL DEFAULT current_timestamp()
) ENGINE=InnoDB DEFAULT CHARSET=utf8mb4;

--
-- Dumping data for table `sponsor_code_uses`
--

INSERT INTO `sponsor_code_uses` (`id`, `sponsor_id`, `used_by`, `used_at`) VALUES
(1, 1, 3, '2021-09-19 13:01:31'),
(2, 2, 4, '2021-09-19 13:15:33'),
(3, 2, 5, '2021-09-19 13:21:07'),
(4, 2, 6, '2021-09-19 13:24:39'),
(5, 2, 7, '2021-09-19 13:45:27'),
(6, 2, 8, '2021-09-19 13:47:43'),
(7, 2, 9, '2021-09-19 14:05:01'),
(8, 2, 10, '2021-09-19 14:06:32'),
(9, 2, 11, '2021-09-19 14:07:55'),
(10, 2, 12, '2021-09-19 14:11:24'),
(11, 2, 13, '2021-09-19 14:13:22'),
(12, 2, 14, '2021-09-19 14:17:40'),
(13, 2, 15, '2021-09-19 14:19:50');

-- --------------------------------------------------------

--
-- Stand-in structure for view `sponsor_code_uses_complete_data`
-- (See below for the actual view)
--
CREATE TABLE `sponsor_code_uses_complete_data` (
`id` int(11)
,`sponsor_id` int(11)
,`used_by` bigint(20) unsigned
,`used_at` timestamp
,`code` varchar(255)
,`owner_id` bigint(20) unsigned
,`owner_code` varchar(50)
,`user_id` bigint(20) unsigned
,`user_code` varchar(50)
,`owner_lisensi_id` int(11)
,`owner_lisensi_name` varchar(255)
,`owner_lisensi_price` double
,`owner_percentage` int(11)
,`user_lisensi_id` int(11)
,`user_lisensi_name` varchar(255)
,`user_lisensi_price` double
,`user_percentage` int(11)
);

-- --------------------------------------------------------

--
-- Table structure for table `tokens`
--

CREATE TABLE `tokens` (
  `id` int(11) NOT NULL,
  `token` varchar(255) NOT NULL,
  `user_id` int(11) NOT NULL,
  `created` date NOT NULL
) ENGINE=InnoDB DEFAULT CHARSET=latin1;

-- --------------------------------------------------------

--
-- Table structure for table `total_bonuses`
--

CREATE TABLE `total_bonuses` (
  `id` int(11) NOT NULL,
  `owner_id` bigint(20) UNSIGNED NOT NULL,
  `balance` double NOT NULL,
  `updated_at` timestamp NOT NULL DEFAULT current_timestamp() ON UPDATE current_timestamp()
) ENGINE=InnoDB DEFAULT CHARSET=latin1;

--
-- Dumping data for table `total_bonuses`
--

INSERT INTO `total_bonuses` (`id`, `owner_id`, `balance`, `updated_at`) VALUES
(1, 2, 24, '2021-09-19 13:13:39'),
(2, 3, 640, '2021-09-19 14:30:29'),
(3, 4, 0, '2021-09-19 13:27:01'),
(4, 6, 3.2, '2021-09-19 13:49:14'),
(5, 14, 0, '2021-09-19 14:33:05'),
(6, 10, 28.8, '2021-09-19 14:33:05'),
(7, 5, 86.4, '2021-09-19 14:33:05'),
(8, 9, 28.8, '2021-09-19 14:33:05');

-- --------------------------------------------------------

--
-- Table structure for table `transfers`
--

CREATE TABLE `transfers` (
  `id` int(11) NOT NULL,
  `transfer_number` varchar(255) NOT NULL,
  `send_by` bigint(20) UNSIGNED NOT NULL,
  `receive_by` bigint(20) UNSIGNED NOT NULL,
  `amount` double NOT NULL,
  `date` timestamp NOT NULL DEFAULT current_timestamp()
) ENGINE=InnoDB DEFAULT CHARSET=utf8mb4;

--
-- Dumping data for table `transfers`
--

INSERT INTO `transfers` (`id`, `transfer_number`, `send_by`, `receive_by`, `amount`, `date`) VALUES
(1, 'PT1631009121CJDN', 2, 11, 2, '2021-09-07 10:05:21'),
(2, 'PT1631009965FXYQ', 11, 12, 1, '2021-09-07 10:19:25'),
(3, 'PT1631011237DPRZ', 13, 14, 4, '2021-09-07 10:40:37'),
(4, 'PT1631104260IEUV', 14, 13, 2, '2021-09-08 12:31:00'),
(5, 'PT1631105885QAUO', 14, 16, 1, '2021-09-08 12:58:05'),
(6, 'PT1631634978S9IC', 17, 19, 2, '2021-09-14 15:56:18');

-- --------------------------------------------------------

--
-- Stand-in structure for view `transfer_complate_data`
-- (See below for the actual view)
--
CREATE TABLE `transfer_complate_data` (
`id` int(11)
,`transfer_number` varchar(255)
,`send_by` bigint(20) unsigned
,`receive_by` bigint(20) unsigned
,`amount` double
,`date` timestamp
,`sender_id` bigint(20) unsigned
,`sender_name` varchar(50)
,`receiver_id` bigint(20) unsigned
,`receiver_name` varchar(50)
);

-- --------------------------------------------------------

--
-- Table structure for table `transfer_details`
--

CREATE TABLE `transfer_details` (
  `id` int(11) NOT NULL,
  `transfer_id` int(11) NOT NULL,
  `pin_id` int(11) DEFAULT NULL,
  `user_lisensi_id` int(11) DEFAULT NULL
) ENGINE=InnoDB DEFAULT CHARSET=utf8mb4;

-- --------------------------------------------------------

--
-- Table structure for table `turnovers`
--

CREATE TABLE `turnovers` (
  `id` int(11) NOT NULL,
  `owner` bigint(20) UNSIGNED NOT NULL,
  `left_belance` double NOT NULL,
  `right_belance` double NOT NULL,
  `updated_at` timestamp NOT NULL DEFAULT current_timestamp() ON UPDATE current_timestamp(),
  `is_active` tinyint(1) NOT NULL DEFAULT 0
) ENGINE=InnoDB DEFAULT CHARSET=latin1;

--
-- Dumping data for table `turnovers`
--

INSERT INTO `turnovers` (`id`, `owner`, `left_belance`, `right_belance`, `updated_at`, `is_active`) VALUES
(1, 2, 3240, 0, '2021-09-19 14:33:05', 1),
(2, 3, 2720, 0, '2021-09-19 14:33:05', 1),
(3, 4, 2560, 0, '2021-09-19 14:33:05', 1),
(4, 6, 0, 0, '2021-09-19 13:49:14', 1),
(5, 14, 6000, 5500, '2021-09-19 23:53:38', 0),
(6, 10, 0, 360, '2021-09-19 14:33:05', 1),
(7, 5, 1200, 1500, '2021-09-19 23:52:11', 0),
(8, 9, 0, 0, '2021-09-19 14:33:05', 1);

-- --------------------------------------------------------

--
-- Table structure for table `turnover_details`
--

CREATE TABLE `turnover_details` (
  `id` int(11) NOT NULL,
  `turnover_id` int(11) NOT NULL,
  `position` int(11) NOT NULL COMMENT '1=left 2=right',
  `user_id` bigint(20) UNSIGNED NOT NULL,
  `lisensi_id` int(11) NOT NULL,
  `price_at_the_time` double NOT NULL,
  `currency_at_the_time` varchar(100) NOT NULL,
  `date` timestamp NOT NULL DEFAULT current_timestamp() ON UPDATE current_timestamp()
) ENGINE=InnoDB DEFAULT CHARSET=latin1;

--
-- Dumping data for table `turnover_details`
--

INSERT INTO `turnover_details` (`id`, `turnover_id`, `position`, `user_id`, `lisensi_id`, `price_at_the_time`, `currency_at_the_time`, `date`) VALUES
(1, 1, 1, 3, 2, 120, 'USDT', '2021-09-19 13:13:39'),
(2, 2, 1, 4, 3, 360, 'USDT', '2021-09-19 13:18:52'),
(3, 1, 1, 4, 3, 360, 'USDT', '2021-09-19 13:18:52'),
(4, 3, 1, 5, 1, 40, 'USDT', '2021-09-19 13:22:57'),
(5, 2, 1, 5, 1, 40, 'USDT', '2021-09-19 13:22:57'),
(6, 1, 1, 5, 1, 40, 'USDT', '2021-09-19 13:22:57'),
(7, 2, 2, 6, 2, 120, 'USDT', '2021-09-19 13:25:32'),
(8, 1, 1, 6, 2, 120, 'USDT', '2021-09-19 13:25:32'),
(9, 4, 1, 7, 1, 40, 'USDT', '2021-09-19 13:48:24'),
(10, 2, 2, 7, 1, 40, 'USDT', '2021-09-19 13:48:24'),
(11, 1, 1, 7, 1, 40, 'USDT', '2021-09-19 13:48:24'),
(12, 4, 2, 8, 1, 40, 'USDT', '2021-09-19 13:48:57'),
(13, 2, 2, 8, 1, 40, 'USDT', '2021-09-19 13:48:57'),
(14, 1, 1, 8, 1, 40, 'USDT', '2021-09-19 13:48:57'),
(15, 5, 1, 15, 3, 360, 'USDT', '2021-09-19 14:29:56'),
(16, 6, 2, 15, 3, 360, 'USDT', '2021-09-19 14:29:56'),
(17, 7, 2, 15, 3, 360, 'USDT', '2021-09-19 14:29:56'),
(18, 3, 1, 15, 3, 360, 'USDT', '2021-09-19 14:29:56'),
(19, 2, 1, 15, 3, 360, 'USDT', '2021-09-19 14:29:56'),
(20, 1, 1, 15, 3, 360, 'USDT', '2021-09-19 14:29:56'),
(21, 6, 2, 14, 3, 360, 'USDT', '2021-09-19 14:30:01'),
(22, 7, 2, 14, 3, 360, 'USDT', '2021-09-19 14:30:01'),
(23, 3, 1, 14, 3, 360, 'USDT', '2021-09-19 14:30:01'),
(24, 2, 1, 14, 3, 360, 'USDT', '2021-09-19 14:30:01'),
(25, 1, 1, 14, 3, 360, 'USDT', '2021-09-19 14:30:01'),
(26, 6, 1, 12, 3, 360, 'USDT', '2021-09-19 14:30:07'),
(27, 7, 2, 12, 3, 360, 'USDT', '2021-09-19 14:30:07'),
(28, 3, 1, 12, 3, 360, 'USDT', '2021-09-19 14:30:07'),
(29, 2, 1, 12, 3, 360, 'USDT', '2021-09-19 14:30:07'),
(30, 1, 1, 12, 3, 360, 'USDT', '2021-09-19 14:30:07'),
(31, 8, 1, 11, 3, 360, 'USDT', '2021-09-19 14:30:12'),
(32, 7, 1, 11, 3, 360, 'USDT', '2021-09-19 14:30:12'),
(33, 3, 1, 11, 3, 360, 'USDT', '2021-09-19 14:30:12'),
(34, 2, 1, 11, 3, 360, 'USDT', '2021-09-19 14:30:12'),
(35, 1, 1, 11, 3, 360, 'USDT', '2021-09-19 14:30:12'),
(36, 8, 2, 13, 3, 360, 'USDT', '2021-09-19 14:30:18'),
(37, 7, 1, 13, 3, 360, 'USDT', '2021-09-19 14:30:18'),
(38, 3, 1, 13, 3, 360, 'USDT', '2021-09-19 14:30:18'),
(39, 2, 1, 13, 3, 360, 'USDT', '2021-09-19 14:30:18'),
(40, 1, 1, 13, 3, 360, 'USDT', '2021-09-19 14:30:18'),
(41, 7, 1, 9, 3, 360, 'USDT', '2021-09-19 14:30:24'),
(42, 3, 1, 9, 3, 360, 'USDT', '2021-09-19 14:30:24'),
(43, 2, 1, 9, 3, 360, 'USDT', '2021-09-19 14:30:24'),
(44, 1, 1, 9, 3, 360, 'USDT', '2021-09-19 14:30:24'),
(45, 7, 2, 10, 3, 360, 'USDT', '2021-09-19 14:30:29'),
(46, 3, 1, 10, 3, 360, 'USDT', '2021-09-19 14:30:29'),
(47, 2, 1, 10, 3, 360, 'USDT', '2021-09-19 14:30:29'),
(48, 1, 1, 10, 3, 360, 'USDT', '2021-09-19 14:30:29');

-- --------------------------------------------------------

--
-- Stand-in structure for view `turnover_details_complate_data`
-- (See below for the actual view)
--
CREATE TABLE `turnover_details_complate_data` (
`id` int(11)
,`turnover_id` int(11)
,`position` int(11)
,`user_id` bigint(20) unsigned
,`lisensi_id` int(11)
,`price_at_the_time` double
,`currency_at_the_time` varchar(100)
,`date` timestamp
,`register_id` bigint(20) unsigned
,`register_name` varchar(50)
,`owner_id` bigint(20) unsigned
,`owner_name` varchar(50)
,`lisensi_name` varchar(255)
);

-- --------------------------------------------------------

--
-- Table structure for table `users`
--

CREATE TABLE `users` (
  `id` bigint(20) UNSIGNED NOT NULL,
  `name` varchar(50) COLLATE utf8mb4_unicode_ci DEFAULT NULL,
  `email` varchar(191) COLLATE utf8mb4_unicode_ci NOT NULL,
  `email_verified_at` timestamp NULL DEFAULT NULL,
  `username` varchar(16) COLLATE utf8mb4_unicode_ci NOT NULL,
  `password` varchar(191) COLLATE utf8mb4_unicode_ci NOT NULL,
  `profile_picture` varchar(128) COLLATE utf8mb4_unicode_ci DEFAULT NULL,
  `role` varchar(32) COLLATE utf8mb4_unicode_ci DEFAULT '0' COMMENT '1 = admin, 2 = customer',
  `register_date` timestamp NULL DEFAULT current_timestamp(),
  `secure_pin` varchar(255) COLLATE utf8mb4_unicode_ci DEFAULT NULL,
  `usdt_wallet` varchar(255) COLLATE utf8mb4_unicode_ci NOT NULL,
  `is_active` tinyint(1) NOT NULL DEFAULT 1
) ENGINE=InnoDB DEFAULT CHARSET=utf8mb4 COLLATE=utf8mb4_unicode_ci;

--
-- Dumping data for table `users`
--

INSERT INTO `users` (`id`, `name`, `email`, `email_verified_at`, `username`, `password`, `profile_picture`, `role`, `register_date`, `secure_pin`, `usdt_wallet`, `is_active`) VALUES
(1, 'admin', 'admin', NULL, 'admin', '21232f297a57a5a743894a0e4a801fc3', NULL, 'admin', '2021-09-19 12:46:09', NULL, ' ', 1),
(2, 'windax', 'windax', NULL, 'windax', '356ffe306d4f921fe96734936e8c83dc', NULL, 'customer', '2021-09-19 12:46:09', 'c5866e93cab1776890fe343c9e7063fb', '  ', 1),
(3, 'USER1', 'user1@gmail.com', NULL, 'user1', '24c9e15e52afc47c225b757e7bee1f9d', NULL, 'customer', '2021-09-19 13:01:31', 'c5866e93cab1776890fe343c9e7063fb', '', 1),
(4, 'USER2', 'user2@gmail.com', NULL, 'user2', '7e58d63b60197ceb55a1c487989a3720', NULL, 'customer', '2021-09-19 13:15:33', 'c5866e93cab1776890fe343c9e7063fb', '', 1),
(5, 'USER3', 'user3', NULL, 'user3', '92877af70a45fd6a2ed7fe81e1236b78', NULL, 'customer', '2021-09-19 13:21:07', 'c5866e93cab1776890fe343c9e7063fb', '', 1),
(6, 'USER4', 'user4@gmail.com', NULL, 'user4', '3f02ebe3d7929b091e3d8ccfde2f3bc6', NULL, 'customer', '2021-09-19 13:24:39', 'c5866e93cab1776890fe343c9e7063fb', '', 1),
(7, 'USER5', 'user5@gmail.com', NULL, 'user5', '0a791842f52a0acfbb3a783378c066b8', NULL, 'customer', '2021-09-19 13:45:27', 'c5866e93cab1776890fe343c9e7063fb', '', 1),
(8, 'USER6', 'user6@gmail.com', NULL, 'user6', 'affec3b64cf90492377a8114c86fc093', NULL, 'customer', '2021-09-19 13:47:43', 'c5866e93cab1776890fe343c9e7063fb', '', 1),
(9, 'USER7', 'user7@gmail.com', NULL, 'user7', '3e0469fb134991f8f75a2760e409c6ed', NULL, 'customer', '2021-09-19 14:05:01', 'c5866e93cab1776890fe343c9e7063fb', '', 1),
(10, 'USER8', 'user8@gmail.com', NULL, 'user8', '7668f673d5669995175ef91b5d171945', NULL, 'customer', '2021-09-19 14:06:32', 'c5866e93cab1776890fe343c9e7063fb', '', 1),
(11, 'USER9', 'user9@gmail.com', NULL, 'USERRJ696', '8808a13b854c2563da1a5f6cb2130868', NULL, 'customer', '2021-09-19 14:07:55', 'c5866e93cab1776890fe343c9e7063fb', '', 1),
(12, 'USER10', 'user10@gmail.com', NULL, 'user10', '990d67a9f94696b1abe2dccf06900322', NULL, 'customer', '2021-09-19 14:11:24', '81dc9bdb52d04dc20036dbd8313ed055', '', 1),
(13, 'USER12', 'user12@gmail.com', NULL, 'user12', 'd781eaae8248db6ce1a7b82e58e60435', NULL, 'customer', '2021-09-19 14:13:22', '81dc9bdb52d04dc20036dbd8313ed055', '', 1),
(14, 'USER13', 'user13@gmail.com', NULL, 'user13', 'd09979d794a6ee60d836f884739f7196', NULL, 'customer', '2021-09-19 14:17:40', 'd81b9ce93c866abb7f0feb747d88868c', '', 1),
(15, 'USER14', 'user14@gmail.com', NULL, 'user14', 'ef06d5cbf35386ff2203d186eeff7923', NULL, 'customer', '2021-09-19 14:19:50', '81dc9bdb52d04dc20036dbd8313ed055', '', 1);

-- --------------------------------------------------------

--
-- Table structure for table `user_lisensies`
--

CREATE TABLE `user_lisensies` (
  `id` int(11) NOT NULL,
  `order_id` int(11) NOT NULL,
  `lisensi_id` int(11) NOT NULL,
  `owner` bigint(20) UNSIGNED NOT NULL,
  `is_active` tinyint(1) NOT NULL DEFAULT 0,
  `date` timestamp NOT NULL DEFAULT current_timestamp()
) ENGINE=InnoDB DEFAULT CHARSET=utf8mb4;

--
-- Dumping data for table `user_lisensies`
--

INSERT INTO `user_lisensies` (`id`, `order_id`, `lisensi_id`, `owner`, `is_active`, `date`) VALUES
(1, 1, 2, 2, 1, '2021-09-19 12:56:50'),
(2, 3, 2, 3, 1, '2021-09-19 13:02:52'),
(3, 5, 3, 4, 1, '2021-09-19 13:16:20'),
(4, 7, 1, 5, 1, '2021-09-19 13:21:40'),
(5, 8, 2, 6, 1, '2021-09-19 13:25:21'),
(6, 9, 1, 7, 1, '2021-09-19 13:48:15'),
(7, 10, 1, 8, 1, '2021-09-19 13:48:50'),
(8, 12, 3, 10, 1, '2021-09-19 14:21:28'),
(9, 13, 3, 9, 1, '2021-09-19 14:23:12'),
(10, 14, 3, 13, 1, '2021-09-19 14:25:08'),
(11, 15, 3, 11, 1, '2021-09-19 14:27:04'),
(12, 16, 3, 12, 1, '2021-09-19 14:27:56'),
(13, 17, 3, 14, 1, '2021-09-19 14:28:46'),
(14, 18, 3, 15, 1, '2021-09-19 14:29:16');

-- --------------------------------------------------------

--
-- Stand-in structure for view `user_lisensies_complate_data`
-- (See below for the actual view)
--
CREATE TABLE `user_lisensies_complate_data` (
`id` int(11)
,`order_id` int(11)
,`lisensi_id` int(11)
,`owner` bigint(20) unsigned
,`is_active` tinyint(1)
,`date` timestamp
,`lisensi_name` varchar(255)
,`lisensi_price` double
,`percentage` int(11)
,`owner_name` varchar(50)
,`owner_id` bigint(20) unsigned
);

-- --------------------------------------------------------

--
-- Table structure for table `withdraws`
--

CREATE TABLE `withdraws` (
  `id` int(11) NOT NULL,
  `order_number` varchar(255) NOT NULL,
  `user_id` bigint(20) UNSIGNED NOT NULL,
  `amount` double NOT NULL,
  `date` timestamp NOT NULL DEFAULT current_timestamp(),
  `status` int(11) NOT NULL COMMENT '1=pending 2=success 3=reject'
) ENGINE=InnoDB DEFAULT CHARSET=utf8mb4;

-- --------------------------------------------------------

--
-- Stand-in structure for view `withdraws_complate_data`
-- (See below for the actual view)
--
CREATE TABLE `withdraws_complate_data` (
`id` int(11)
,`order_number` varchar(255)
,`user_id` bigint(20) unsigned
,`amount` double
,`date` timestamp
,`status` int(11)
,`user_name` varchar(50)
);

-- --------------------------------------------------------

--
-- Structure for view `customer_complate_date`
--
DROP TABLE IF EXISTS `customer_complate_date`;

CREATE ALGORITHM=UNDEFINED DEFINER=`root`@`localhost` SQL SECURITY DEFINER VIEW `customer_complate_date`  AS SELECT `f`.`left_belance` AS `left_belance`, `f`.`right_belance` AS `right_belance`, `e`.`balance` AS `balance`, `a`.`id` AS `id`, `a`.`name` AS `name`, `a`.`email` AS `email`, `a`.`email_verified_at` AS `email_verified_at`, `a`.`username` AS `username`, `a`.`password` AS `password`, `a`.`profile_picture` AS `profile_picture`, `a`.`role` AS `role`, `a`.`register_date` AS `register_date`, `a`.`secure_pin` AS `secure_pin`, `b`.`code` AS `code`, `d`.`name` AS `lisensi_name`, `c`.`is_active` AS `is_active_licence` FROM (((((`users` `a` left join `sponsor_codes` `b` on(`b`.`owner` = `a`.`id`)) left join `user_lisensies` `c` on(`c`.`owner` = `a`.`id`)) left join `lisensies` `d` on(`d`.`id` = `c`.`lisensi_id`)) left join `sponsor_code_bonuses` `e` on(`e`.`owner_id` = `a`.`id`)) left join `turnovers` `f` on(`f`.`owner` = `a`.`id`)) WHERE `a`.`is_active` = 1 ;

-- --------------------------------------------------------

--
-- Structure for view `inout_bonuses_complate_data`
--
DROP TABLE IF EXISTS `inout_bonuses_complate_data`;

CREATE ALGORITHM=UNDEFINED DEFINER=`root`@`localhost` SQL SECURITY DEFINER VIEW `inout_bonuses_complate_data`  AS SELECT `a`.`id` AS `id`, `a`.`id_inout` AS `id_inout`, `a`.`type` AS `type`, `a`.`balance` AS `balance`, `a`.`note` AS `note`, `a`.`date` AS `date`, `a`.`total_bonus_id` AS `total_bonus_id`, `b`.`owner_id` AS `owner_id` FROM (`inout_bonuses` `a` left join `total_bonuses` `b` on(`b`.`id` = `a`.`total_bonus_id`)) ;

-- --------------------------------------------------------

--
-- Structure for view `lisensi_upgrades_complate_data`
--
DROP TABLE IF EXISTS `lisensi_upgrades_complate_data`;

CREATE ALGORITHM=UNDEFINED DEFINER=`root`@`localhost` SQL SECURITY DEFINER VIEW `lisensi_upgrades_complate_data`  AS SELECT `a`.`id` AS `id`, `a`.`order_number` AS `order_number`, `a`.`date` AS `date`, `a`.`request_by` AS `request_by`, `a`.`current_lisensi` AS `current_lisensi`, `a`.`upgrade_to` AS `upgrade_to`, `a`.`diff_payment` AS `diff_payment`, `a`.`is_finish` AS `is_finish`, `a`.`payment_method` AS `payment_method`, `a`.`receipt_of_payment` AS `receipt_of_payment`, `b`.`name` AS `current_licence_name`, `c`.`name` AS `upgrade_to_name`, `d`.`name` AS `user_name` FROM (((`lisensi_upgrades` `a` left join `lisensies` `b` on(`b`.`id` = `a`.`current_lisensi`)) left join `lisensies` `c` on(`c`.`id` = `a`.`upgrade_to`)) left join `users` `d` on(`d`.`id` = `a`.`request_by`)) ;

-- --------------------------------------------------------

--
-- Structure for view `pin_register_complate_data`
--
DROP TABLE IF EXISTS `pin_register_complate_data`;

CREATE ALGORITHM=UNDEFINED DEFINER=`root`@`localhost` SQL SECURITY DEFINER VIEW `pin_register_complate_data`  AS SELECT `p`.`id` AS `id`, `p`.`pin` AS `pin`, `p`.`registered_by` AS `registered_by`, `p`.`used_by` AS `used_by`, `p`.`is_active` AS `is_active`, `p`.`registered_date` AS `registered_date`, `p`.`order_id` AS `order_id`, `u`.`id` AS `user_id`, `u`.`name` AS `user_name` FROM (`pin_register` `p` left join `users` `u` on(`u`.`id` = `p`.`used_by`)) ;

-- --------------------------------------------------------

--
-- Structure for view `sponsor_code_bonus_details_complate_data`
--
DROP TABLE IF EXISTS `sponsor_code_bonus_details_complate_data`;

CREATE ALGORITHM=UNDEFINED DEFINER=`root`@`localhost` SQL SECURITY DEFINER VIEW `sponsor_code_bonus_details_complate_data`  AS SELECT `a`.`id` AS `id`, `a`.`owner_id` AS `owner_id`, `a`.`balance` AS `balance`, `a`.`updated_at` AS `updated_at`, `b`.`date` AS `date`, `c`.`name` AS `user_name`, `d`.`name` AS `licence_name`, `b`.`belance` AS `balance_detail`, `b`.`percentage_at_the_time` AS `percentage_at_the_time` FROM (((`sponsor_code_bonuses` `a` left join `sponsor_code_bonus_details` `b` on(`b`.`sponsor_code_bonus_id` = `a`.`id`)) left join `users` `c` on(`c`.`id` = `b`.`register_bonus_by`)) left join `lisensies` `d` on(`d`.`id` = `b`.`lisensies_id`)) ;

-- --------------------------------------------------------

--
-- Structure for view `sponsor_code_uses_complete_data`
--
DROP TABLE IF EXISTS `sponsor_code_uses_complete_data`;

CREATE ALGORITHM=UNDEFINED DEFINER=`root`@`localhost` SQL SECURITY DEFINER VIEW `sponsor_code_uses_complete_data`  AS SELECT `a`.`id` AS `id`, `a`.`sponsor_id` AS `sponsor_id`, `a`.`used_by` AS `used_by`, `a`.`used_at` AS `used_at`, `b`.`code` AS `code`, `c`.`id` AS `owner_id`, `c`.`name` AS `owner_code`, `d`.`id` AS `user_id`, `d`.`name` AS `user_code`, `f`.`id` AS `owner_lisensi_id`, `f`.`name` AS `owner_lisensi_name`, `f`.`price` AS `owner_lisensi_price`, `f`.`percentage` AS `owner_percentage`, `h`.`id` AS `user_lisensi_id`, `h`.`name` AS `user_lisensi_name`, `h`.`price` AS `user_lisensi_price`, `h`.`percentage` AS `user_percentage` FROM (((((((`sponsor_code_uses` `a` left join `sponsor_codes` `b` on(`b`.`id` = `a`.`sponsor_id`)) left join `users` `c` on(`c`.`id` = `b`.`owner`)) left join `users` `d` on(`d`.`id` = `a`.`used_by`)) left join `user_lisensies` `e` on(`e`.`owner` = `b`.`owner`)) left join `lisensies` `f` on(`f`.`id` = `e`.`lisensi_id`)) left join `user_lisensies` `g` on(`g`.`owner` = `d`.`id`)) left join `lisensies` `h` on(`h`.`id` = `g`.`lisensi_id`)) ;

-- --------------------------------------------------------

--
-- Structure for view `transfer_complate_data`
--
DROP TABLE IF EXISTS `transfer_complate_data`;

CREATE ALGORITHM=UNDEFINED DEFINER=`root`@`localhost` SQL SECURITY DEFINER VIEW `transfer_complate_data`  AS SELECT `t`.`id` AS `id`, `t`.`transfer_number` AS `transfer_number`, `t`.`send_by` AS `send_by`, `t`.`receive_by` AS `receive_by`, `t`.`amount` AS `amount`, `t`.`date` AS `date`, `us`.`id` AS `sender_id`, `us`.`name` AS `sender_name`, `ur`.`id` AS `receiver_id`, `ur`.`name` AS `receiver_name` FROM ((`transfers` `t` join `users` `us` on(`us`.`id` = `t`.`send_by`)) join `users` `ur` on(`ur`.`id` = `t`.`receive_by`)) ;

-- --------------------------------------------------------

--
-- Structure for view `turnover_details_complate_data`
--
DROP TABLE IF EXISTS `turnover_details_complate_data`;

CREATE ALGORITHM=UNDEFINED DEFINER=`root`@`localhost` SQL SECURITY DEFINER VIEW `turnover_details_complate_data`  AS SELECT `a`.`id` AS `id`, `a`.`turnover_id` AS `turnover_id`, `a`.`position` AS `position`, `a`.`user_id` AS `user_id`, `a`.`lisensi_id` AS `lisensi_id`, `a`.`price_at_the_time` AS `price_at_the_time`, `a`.`currency_at_the_time` AS `currency_at_the_time`, `a`.`date` AS `date`, `c`.`id` AS `register_id`, `c`.`name` AS `register_name`, `d`.`id` AS `owner_id`, `d`.`name` AS `owner_name`, `e`.`name` AS `lisensi_name` FROM ((((`turnover_details` `a` left join `turnovers` `b` on(`b`.`id` = `a`.`turnover_id`)) left join `users` `c` on(`c`.`id` = `a`.`user_id`)) left join `users` `d` on(`d`.`id` = `b`.`owner`)) left join `lisensies` `e` on(`e`.`id` = `a`.`lisensi_id`)) ;

-- --------------------------------------------------------

--
-- Structure for view `user_lisensies_complate_data`
--
DROP TABLE IF EXISTS `user_lisensies_complate_data`;

CREATE ALGORITHM=UNDEFINED DEFINER=`root`@`localhost` SQL SECURITY DEFINER VIEW `user_lisensies_complate_data`  AS SELECT `ul`.`id` AS `id`, `ul`.`order_id` AS `order_id`, `ul`.`lisensi_id` AS `lisensi_id`, `ul`.`owner` AS `owner`, `ul`.`is_active` AS `is_active`, `ul`.`date` AS `date`, `l`.`name` AS `lisensi_name`, `l`.`price` AS `lisensi_price`, `l`.`percentage` AS `percentage`, `u`.`name` AS `owner_name`, `u`.`id` AS `owner_id` FROM ((`user_lisensies` `ul` left join `users` `u` on(`u`.`id` = `ul`.`owner`)) left join `lisensies` `l` on(`l`.`id` = `ul`.`lisensi_id`)) ;

-- --------------------------------------------------------

--
-- Structure for view `withdraws_complate_data`
--
DROP TABLE IF EXISTS `withdraws_complate_data`;

CREATE ALGORITHM=UNDEFINED DEFINER=`root`@`localhost` SQL SECURITY DEFINER VIEW `withdraws_complate_data`  AS SELECT `a`.`id` AS `id`, `a`.`order_number` AS `order_number`, `a`.`user_id` AS `user_id`, `a`.`amount` AS `amount`, `a`.`date` AS `date`, `a`.`status` AS `status`, `b`.`name` AS `user_name` FROM (`withdraws` `a` left join `users` `b` on(`b`.`id` = `a`.`user_id`)) ;

--
-- Indexes for dumped tables
--

--
-- Indexes for table `auto_save_properties`
--
ALTER TABLE `auto_save_properties`
  ADD PRIMARY KEY (`id`),
  ADD KEY `fk_user_to_auto` (`user_id`);

--
-- Indexes for table `ci_sessions`
--
ALTER TABLE `ci_sessions`
  ADD KEY `ci_sessions_timestamp` (`timestamp`);

--
-- Indexes for table `inout_bonuses`
--
ALTER TABLE `inout_bonuses`
  ADD PRIMARY KEY (`id`),
  ADD KEY `fk_total_to_inout` (`total_bonus_id`);

--
-- Indexes for table `lisensies`
--
ALTER TABLE `lisensies`
  ADD PRIMARY KEY (`id`);

--
-- Indexes for table `lisensi_upgrades`
--
ALTER TABLE `lisensi_upgrades`
  ADD PRIMARY KEY (`id`),
  ADD KEY `fk_curr_lisensi_to_lisensi` (`current_lisensi`),
  ADD KEY `fk_up_to_lisensi` (`upgrade_to`);

--
-- Indexes for table `orders`
--
ALTER TABLE `orders`
  ADD PRIMARY KEY (`id`),
  ADD KEY `fk_req_to_user` (`requested_by`);

--
-- Indexes for table `pin_register`
--
ALTER TABLE `pin_register`
  ADD PRIMARY KEY (`id`),
  ADD UNIQUE KEY `pin` (`pin`),
  ADD KEY `fk_user_to_use` (`used_by`),
  ADD KEY `fk_user_to_register` (`registered_by`),
  ADD KEY `fk_order_to_pin` (`order_id`);

--
-- Indexes for table `positions`
--
ALTER TABLE `positions`
  ADD PRIMARY KEY (`id`),
  ADD KEY `fk_top_to_position` (`top`),
  ADD KEY `fk_bottom_to_position` (`bottom`);

--
-- Indexes for table `settings`
--
ALTER TABLE `settings`
  ADD PRIMARY KEY (`id`) USING BTREE;

--
-- Indexes for table `sponsor_codes`
--
ALTER TABLE `sponsor_codes`
  ADD PRIMARY KEY (`id`),
  ADD UNIQUE KEY `code` (`code`),
  ADD KEY `fk_owner_to_user` (`owner`);

--
-- Indexes for table `sponsor_code_bonuses`
--
ALTER TABLE `sponsor_code_bonuses`
  ADD PRIMARY KEY (`id`),
  ADD KEY `fk_owner_bonus_to_user` (`owner_id`);

--
-- Indexes for table `sponsor_code_bonus_details`
--
ALTER TABLE `sponsor_code_bonus_details`
  ADD PRIMARY KEY (`id`),
  ADD KEY `fk_regiter_bonus_to_user` (`register_bonus_by`),
  ADD KEY `fk_lisensi_to_sponsor detail` (`lisensies_id`),
  ADD KEY `fk_sponsor_to_detail` (`sponsor_code_bonus_id`);

--
-- Indexes for table `sponsor_code_uses`
--
ALTER TABLE `sponsor_code_uses`
  ADD PRIMARY KEY (`id`),
  ADD KEY `fk_sponsor_to_use` (`sponsor_id`),
  ADD KEY `fk_user_to_sponsor_use` (`used_by`);

--
-- Indexes for table `tokens`
--
ALTER TABLE `tokens`
  ADD PRIMARY KEY (`id`);

--
-- Indexes for table `total_bonuses`
--
ALTER TABLE `total_bonuses`
  ADD PRIMARY KEY (`id`),
  ADD KEY `fk_user_to_total_bonus` (`owner_id`);

--
-- Indexes for table `transfers`
--
ALTER TABLE `transfers`
  ADD PRIMARY KEY (`id`);

--
-- Indexes for table `transfer_details`
--
ALTER TABLE `transfer_details`
  ADD PRIMARY KEY (`id`);

--
-- Indexes for table `turnovers`
--
ALTER TABLE `turnovers`
  ADD PRIMARY KEY (`id`),
  ADD KEY `fk_user_to_turnover` (`owner`);

--
-- Indexes for table `turnover_details`
--
ALTER TABLE `turnover_details`
  ADD PRIMARY KEY (`id`),
  ADD KEY `fk_lisensi_to_turnover_detail` (`lisensi_id`),
  ADD KEY `fk_user_to_detail_turnover` (`user_id`),
  ADD KEY `fk_turnover_to_detail` (`turnover_id`);

--
-- Indexes for table `users`
--
ALTER TABLE `users`
  ADD PRIMARY KEY (`id`);

--
-- Indexes for table `user_lisensies`
--
ALTER TABLE `user_lisensies`
  ADD PRIMARY KEY (`id`),
  ADD UNIQUE KEY `order_id` (`order_id`),
  ADD KEY `fk_lisensi_to_detail` (`lisensi_id`),
  ADD KEY `fk_user_to_detail` (`owner`);

--
-- Indexes for table `withdraws`
--
ALTER TABLE `withdraws`
  ADD PRIMARY KEY (`id`),
  ADD KEY `fk_user_to_withdraw` (`user_id`);

--
-- AUTO_INCREMENT for dumped tables
--

--
-- AUTO_INCREMENT for table `auto_save_properties`
--
ALTER TABLE `auto_save_properties`
  MODIFY `id` int(11) NOT NULL AUTO_INCREMENT;

--
-- AUTO_INCREMENT for table `inout_bonuses`
--
ALTER TABLE `inout_bonuses`
  MODIFY `id` int(11) NOT NULL AUTO_INCREMENT, AUTO_INCREMENT=27;

--
-- AUTO_INCREMENT for table `lisensies`
--
ALTER TABLE `lisensies`
  MODIFY `id` int(11) NOT NULL AUTO_INCREMENT, AUTO_INCREMENT=4;

--
-- AUTO_INCREMENT for table `lisensi_upgrades`
--
ALTER TABLE `lisensi_upgrades`
  MODIFY `id` int(11) NOT NULL AUTO_INCREMENT;

--
-- AUTO_INCREMENT for table `orders`
--
ALTER TABLE `orders`
  MODIFY `id` int(11) NOT NULL AUTO_INCREMENT, AUTO_INCREMENT=19;

--
-- AUTO_INCREMENT for table `pin_register`
--
ALTER TABLE `pin_register`
  MODIFY `id` int(11) NOT NULL AUTO_INCREMENT, AUTO_INCREMENT=66;

--
-- AUTO_INCREMENT for table `positions`
--
ALTER TABLE `positions`
  MODIFY `id` int(11) NOT NULL AUTO_INCREMENT, AUTO_INCREMENT=14;

--
-- AUTO_INCREMENT for table `settings`
--
ALTER TABLE `settings`
  MODIFY `id` int(10) NOT NULL AUTO_INCREMENT, AUTO_INCREMENT=19;

--
-- AUTO_INCREMENT for table `sponsor_codes`
--
ALTER TABLE `sponsor_codes`
  MODIFY `id` int(11) NOT NULL AUTO_INCREMENT, AUTO_INCREMENT=15;

--
-- AUTO_INCREMENT for table `sponsor_code_bonuses`
--
ALTER TABLE `sponsor_code_bonuses`
  MODIFY `id` int(11) NOT NULL AUTO_INCREMENT, AUTO_INCREMENT=3;

--
-- AUTO_INCREMENT for table `sponsor_code_bonus_details`
--
ALTER TABLE `sponsor_code_bonus_details`
  MODIFY `id` int(11) NOT NULL AUTO_INCREMENT, AUTO_INCREMENT=14;

--
-- AUTO_INCREMENT for table `sponsor_code_uses`
--
ALTER TABLE `sponsor_code_uses`
  MODIFY `id` int(11) NOT NULL AUTO_INCREMENT, AUTO_INCREMENT=14;

--
-- AUTO_INCREMENT for table `tokens`
--
ALTER TABLE `tokens`
  MODIFY `id` int(11) NOT NULL AUTO_INCREMENT;

--
-- AUTO_INCREMENT for table `total_bonuses`
--
ALTER TABLE `total_bonuses`
  MODIFY `id` int(11) NOT NULL AUTO_INCREMENT, AUTO_INCREMENT=9;

--
-- AUTO_INCREMENT for table `transfers`
--
ALTER TABLE `transfers`
  MODIFY `id` int(11) NOT NULL AUTO_INCREMENT, AUTO_INCREMENT=7;

--
-- AUTO_INCREMENT for table `transfer_details`
--
ALTER TABLE `transfer_details`
  MODIFY `id` int(11) NOT NULL AUTO_INCREMENT;

--
-- AUTO_INCREMENT for table `turnovers`
--
ALTER TABLE `turnovers`
  MODIFY `id` int(11) NOT NULL AUTO_INCREMENT, AUTO_INCREMENT=9;

--
-- AUTO_INCREMENT for table `turnover_details`
--
ALTER TABLE `turnover_details`
  MODIFY `id` int(11) NOT NULL AUTO_INCREMENT, AUTO_INCREMENT=49;

--
-- AUTO_INCREMENT for table `users`
--
ALTER TABLE `users`
  MODIFY `id` bigint(20) UNSIGNED NOT NULL AUTO_INCREMENT, AUTO_INCREMENT=16;

--
-- AUTO_INCREMENT for table `user_lisensies`
--
ALTER TABLE `user_lisensies`
  MODIFY `id` int(11) NOT NULL AUTO_INCREMENT, AUTO_INCREMENT=15;

--
-- AUTO_INCREMENT for table `withdraws`
--
ALTER TABLE `withdraws`
  MODIFY `id` int(11) NOT NULL AUTO_INCREMENT;

--
-- Constraints for dumped tables
--

--
-- Constraints for table `auto_save_properties`
--
ALTER TABLE `auto_save_properties`
  ADD CONSTRAINT `fk_user_to_auto` FOREIGN KEY (`user_id`) REFERENCES `users` (`id`);

--
-- Constraints for table `inout_bonuses`
--
ALTER TABLE `inout_bonuses`
  ADD CONSTRAINT `fk_total_to_inout` FOREIGN KEY (`total_bonus_id`) REFERENCES `total_bonuses` (`id`);

--
-- Constraints for table `lisensi_upgrades`
--
ALTER TABLE `lisensi_upgrades`
  ADD CONSTRAINT `fk_curr_lisensi_to_lisensi` FOREIGN KEY (`current_lisensi`) REFERENCES `lisensies` (`id`),
  ADD CONSTRAINT `fk_up_to_lisensi` FOREIGN KEY (`upgrade_to`) REFERENCES `lisensies` (`id`);

--
-- Constraints for table `orders`
--
ALTER TABLE `orders`
  ADD CONSTRAINT `fk_req_to_user` FOREIGN KEY (`requested_by`) REFERENCES `users` (`id`);

--
-- Constraints for table `pin_register`
--
ALTER TABLE `pin_register`
  ADD CONSTRAINT `fk_order_to_pin` FOREIGN KEY (`order_id`) REFERENCES `orders` (`id`),
  ADD CONSTRAINT `fk_user_to_register` FOREIGN KEY (`registered_by`) REFERENCES `users` (`id`),
  ADD CONSTRAINT `fk_user_to_use` FOREIGN KEY (`used_by`) REFERENCES `users` (`id`);

--
-- Constraints for table `positions`
--
ALTER TABLE `positions`
  ADD CONSTRAINT `fk_bottom_to_position` FOREIGN KEY (`bottom`) REFERENCES `users` (`id`),
  ADD CONSTRAINT `fk_top_to_position` FOREIGN KEY (`top`) REFERENCES `users` (`id`);

--
-- Constraints for table `sponsor_codes`
--
ALTER TABLE `sponsor_codes`
  ADD CONSTRAINT `fk_owner_to_user` FOREIGN KEY (`owner`) REFERENCES `users` (`id`);

--
-- Constraints for table `sponsor_code_bonuses`
--
ALTER TABLE `sponsor_code_bonuses`
  ADD CONSTRAINT `fk_owner_bonus_to_user` FOREIGN KEY (`owner_id`) REFERENCES `users` (`id`);

--
-- Constraints for table `sponsor_code_bonus_details`
--
ALTER TABLE `sponsor_code_bonus_details`
  ADD CONSTRAINT `fk_lisensi_to_sponsor detail` FOREIGN KEY (`lisensies_id`) REFERENCES `lisensies` (`id`),
  ADD CONSTRAINT `fk_regiter_bonus_to_user` FOREIGN KEY (`register_bonus_by`) REFERENCES `users` (`id`),
  ADD CONSTRAINT `fk_sponsor_to_detail` FOREIGN KEY (`sponsor_code_bonus_id`) REFERENCES `sponsor_code_bonuses` (`id`);

--
-- Constraints for table `sponsor_code_uses`
--
ALTER TABLE `sponsor_code_uses`
  ADD CONSTRAINT `fk_sponsor_to_use` FOREIGN KEY (`sponsor_id`) REFERENCES `sponsor_codes` (`id`),
  ADD CONSTRAINT `fk_user_to_sponsor_use` FOREIGN KEY (`used_by`) REFERENCES `users` (`id`);

--
-- Constraints for table `total_bonuses`
--
ALTER TABLE `total_bonuses`
  ADD CONSTRAINT `fk_user_to_total_bonus` FOREIGN KEY (`owner_id`) REFERENCES `users` (`id`);

--
-- Constraints for table `turnovers`
--
ALTER TABLE `turnovers`
  ADD CONSTRAINT `fk_user_to_turnover` FOREIGN KEY (`owner`) REFERENCES `users` (`id`);

--
-- Constraints for table `turnover_details`
--
ALTER TABLE `turnover_details`
  ADD CONSTRAINT `fk_lisensi_to_turnover_detail` FOREIGN KEY (`lisensi_id`) REFERENCES `lisensies` (`id`),
  ADD CONSTRAINT `fk_turnover_to_detail` FOREIGN KEY (`turnover_id`) REFERENCES `turnovers` (`id`),
  ADD CONSTRAINT `fk_user_to_detail_turnover` FOREIGN KEY (`user_id`) REFERENCES `users` (`id`);

--
-- Constraints for table `withdraws`
--
ALTER TABLE `withdraws`
  ADD CONSTRAINT `fk_user_to_withdraw` FOREIGN KEY (`user_id`) REFERENCES `users` (`id`);
COMMIT;

/*!40101 SET CHARACTER_SET_CLIENT=@OLD_CHARACTER_SET_CLIENT */;
/*!40101 SET CHARACTER_SET_RESULTS=@OLD_CHARACTER_SET_RESULTS */;
/*!40101 SET COLLATION_CONNECTION=@OLD_COLLATION_CONNECTION */;
